Date,Open,High,Low,Close,FW Moving Average 25,Volume ,NextHigherorLower
4/25/22 10:05,420.3,420.91,420.15,420.34,424.94,1399500,1
4/25/22 10:10,420.34,421.52,419.99,421.14,424.55,1702600,0
4/25/22 10:15,421.12,421.73,420.5,420.86,424.16,1530900,1
4/25/22 10:20,420.86,421.48,420.55,421.4,423.83,1205700,1
4/25/22 10:25,421.4,422.31,420.27,422.28,423.59,1476400,1
4/25/22 10:30,422.31,423,422.3,422.66,423.4,1557100,1
4/25/22 10:35,422.66,424.19,422.59,424.04,423.32,1813200,0
4/25/22 10:40,424.04,424.4,422.95,422.95,423.18,1489200,0
4/25/22 10:45,422.95,424.15,421.93,422.32,423,1215200,1
4/25/22 10:50,422.32,423.39,422.1,423.33,422.91,1020800,0
4/25/22 10:55,423.35,423.37,421.36,421.58,422.7,1009800,0
4/25/22 11:00,421.58,421.74,420.58,420.72,422.45,1132600,1
4/25/22 11:05,420.7,421.28,420.47,421.07,422.25,1159700,0
4/25/22 11:10,421.07,421.15,420.49,420.62,422.04,960600,1
4/25/22 11:15,420.62,421.85,420.23,421,421.89,1103500,0
4/25/22 11:20,421,421,419.96,420.7,421.74,1101800,1
4/25/22 11:25,420.7,421.54,420.63,421.38,421.66,887100,0
4/25/22 11:30,421.38,422.21,420.54,420.74,421.56,1074800,0
4/25/22 11:35,420.74,420.93,419.82,420.55,421.46,1295100,0
4/25/22 11:40,420.55,421.7,420.08,420.4,421.37,958300,0
4/25/22 11:45,420.4,420.62,419.83,419.84,421.24,860300,0
4/25/22 11:50,419.84,419.85,418.89,418.94,421.05,1281900,1
4/25/22 11:55,418.93,419.49,418.84,419.18,420.88,1008500,1
4/25/22 12:00,419.18,419.92,419.01,419.77,420.77,1140900,1
4/25/22 12:05,419.77,419.85,419.16,419.81,420.67,1047700,1
4/25/22 12:10,419.81,421.63,419.74,421.14,420.67,1663500,1
4/25/22 12:15,421.14,421.8,420.11,421.2,420.68,1210600,0
4/25/22 12:20,421.2,421.9,420.65,420.89,420.66,839200,1
4/25/22 12:25,420.89,422.27,420.89,422.27,420.75,969000,0
4/25/22 12:30,422.27,422.68,421.6,421.68,420.79,973000,1
4/25/22 12:35,421.71,422.65,421.41,422.21,420.87,947000,1
4/25/22 12:40,422.21,423.01,422.11,422.29,420.96,1208700,0
4/25/22 12:45,422.29,422.43,421.62,421.67,421,671400,1
4/25/22 12:50,421.68,423.2,421.67,423.04,421.16,815800,0
4/25/22 12:55,423.04,423.29,422.01,422.02,421.23,741800,1
4/25/22 13:00,422.02,422.22,421.63,422.04,421.31,701700,0
4/25/22 13:05,422.08,422.46,420.98,421.23,421.33,895400,1
4/25/22 13:10,421.23,422.56,421.07,422.54,421.45,814300,1
4/25/22 13:15,422.56,423.34,422.39,423.14,421.61,959100,0
4/25/22 13:20,423.14,423.79,422.85,423.13,421.76,1010800,1
4/25/22 13:25,423.13,423.34,422.73,423.2,421.9,554100,0
4/25/22 13:30,423.2,423.54,422.3,423,422.03,720100,0
4/25/22 13:35,423.03,423.69,422.3,422.5,422.11,910700,0
4/25/22 13:40,422.5,422.61,421.97,422.29,422.17,589700,1
4/25/22 13:45,422.29,423.27,422.21,422.85,422.27,729200,1
4/25/22 13:50,422.85,423.04,422.4,422.94,422.37,469300,0
4/25/22 13:55,422.94,423.19,421.96,422.84,422.45,853300,0
4/25/22 14:00,422.84,422.84,422.13,422.49,422.49,721500,0
4/25/22 14:05,422.49,422.72,421.75,421.84,422.47,897900,1
4/25/22 14:10,421.84,423.49,421.81,423.32,422.56,803300,1
4/25/22 14:15,423.32,423.7,422.65,423.33,422.64,1008900,1
4/25/22 14:20,423.33,424.38,423.33,424.08,422.77,1113900,1
4/25/22 14:25,424.08,424.98,423.78,424.86,422.95,1346700,1
4/25/22 14:30,424.86,425.62,424.64,425.56,423.17,1780900,1
4/25/22 14:35,425.56,425.81,425.31,425.68,423.39,909900,0
4/25/22 14:40,425.67,425.8,425.03,425.04,423.55,1226500,0
4/25/22 14:45,425.04,425.44,424.8,425.01,423.7,1066500,1
4/25/22 14:50,425.01,426.29,424.72,426.19,423.93,1226400,1
4/25/22 14:55,426.19,426.76,425.96,426.72,424.19,960500,0
4/25/22 15:00,426.72,426.76,425.46,425.51,424.34,1061500,0
4/25/22 15:05,425.49,425.73,424.04,424.43,424.4,1605400,0
4/25/22 15:10,424.45,424.6,423.84,424.32,424.44,1338400,1
4/25/22 15:15,424.33,424.95,424.24,424.89,424.52,1204600,1
4/25/22 15:20,424.89,426.04,424.89,426.02,424.68,1236400,1
4/25/22 15:25,426.03,427.15,426,427.03,424.91,1527300,1
4/25/22 15:30,427.04,427.42,426.01,427.21,425.14,1761500,1
4/25/22 15:35,427.21,427.53,426.84,427.34,425.36,1716900,1
4/25/22 15:40,427.35,428.2,427.17,428.06,425.63,1617100,1
4/25/22 15:45,428.06,428.47,427.06,428.25,425.9,2358100,0
4/25/22 15:50,428.25,428.59,427.4,427.82,426.11,2332900,1
4/25/22 15:55,427.66,428.69,427.13,428.56,426.37,2922700,0
4/25/22 16:00,428.56,428.65,427.92,428.5,426.6,5901300,0
4/26/22 9:35,425.92,426.04,425.04,425.1,426.56,2386900,1
4/26/22 9:40,425.1,425.72,424.94,425.13,426.51,1521000,0
4/26/22 9:45,425.15,425.37,424.19,424.23,426.38,1596000,0
4/26/22 9:50,424.23,425.09,424,424.19,426.24,1715500,0
4/26/22 9:55,424.19,424.51,423.54,423.55,426.05,1684600,1
4/26/22 10:00,423.55,423.94,423.43,423.86,425.89,1055400,0
4/26/22 10:05,423.85,423.95,423.37,423.75,425.72,1327700,1
4/26/22 10:10,423.75,424.64,423.62,424.42,425.61,1199400,0
4/26/22 10:15,424.41,424.61,423.32,423.4,425.43,1002100,0
4/26/22 10:20,423.4,423.4,421.88,422.16,425.15,1524900,0
4/26/22 10:25,422.16,422.39,421.43,421.83,424.86,1535500,1
4/26/22 10:30,421.83,422.49,421.47,422.46,424.63,1073900,0
4/26/22 10:35,422.46,422.58,421.47,421.58,424.34,983700,0
4/26/22 10:40,421.58,422.2,420.97,421.32,424.05,1179900,0
4/26/22 10:45,421.32,421.59,420.49,420.82,423.73,1407500,1
4/26/22 10:50,420.81,421.69,420.7,421.64,423.48,1151700,0
4/26/22 10:55,421.63,421.95,421.04,421.17,423.21,810200,0
4/26/22 11:00,421.19,421.46,420.96,421.07,422.94,787000,0
4/26/22 11:05,421.04,421.07,420.43,420.49,422.65,933500,1
4/26/22 11:10,420.49,420.75,420.21,420.62,422.39,975100,1
4/26/22 11:15,420.62,421.22,420.45,421.21,422.19,964700,0
4/26/22 11:20,421.21,421.22,420.26,420.3,421.95,780200,1
4/26/22 11:25,420.3,421.55,420.17,420.99,421.78,1068400,0
4/26/22 11:30,420.99,421.31,420.75,420.84,421.62,611900,0
4/26/22 11:35,420.83,421.24,420.32,420.68,421.48,866300,0
4/26/22 11:40,420.7,420.78,419.78,420.33,421.33,1315600,1
4/26/22 11:45,420.33,420.51,419.61,420.47,421.2,984600,0
4/26/22 11:50,420.47,420.71,420.14,420.46,421.09,602400,0
4/26/22 11:55,420.46,420.72,420.18,420.21,420.97,685200,0
4/26/22 12:00,420.21,420.23,419.41,419.45,420.81,821100,1
4/26/22 12:05,419.45,419.95,419.44,419.84,420.69,755700,1
4/26/22 12:10,419.84,420.57,419.71,420.47,420.63,702400,1
4/26/22 12:15,420.47,420.65,420.13,420.56,420.58,651900,1
4/26/22 12:20,420.56,421.12,420.54,420.93,420.58,882200,1
4/26/22 12:25,420.93,421.67,420.91,421.31,420.61,842300,1
4/26/22 12:30,421.31,422.27,421.27,421.99,420.7,1114300,0
4/26/22 12:35,421.99,422.24,421.41,421.58,420.76,697100,0
4/26/22 12:40,421.58,421.85,420.9,420.99,420.77,543200,1
4/26/22 12:45,420.99,421.36,420.78,421.08,420.79,653100,0
4/26/22 12:50,421.08,421.15,420.57,420.7,420.79,473900,1
4/26/22 12:55,420.69,421.41,420.61,421.05,420.81,627300,1
4/26/22 13:00,421.04,422.31,420.86,422.23,420.92,827200,0
4/26/22 13:05,422.23,422.26,420.4,420.52,420.9,981200,1
4/26/22 13:10,420.54,420.92,420.5,420.62,420.89,618100,0
4/26/22 13:15,420.61,420.87,420.08,420.09,420.84,545100,0
4/26/22 13:20,420.08,420.33,419.58,419.64,420.75,856800,0
4/26/22 13:25,419.64,419.81,419.32,419.36,420.65,671400,0
4/26/22 13:30,419.35,419.55,419,419.19,420.53,768700,1
4/26/22 13:35,419.19,419.54,418.74,419.28,420.43,895500,1
4/26/22 13:40,419.28,419.61,418.88,419.4,420.35,1048300,1
4/26/22 13:45,419.41,420.57,419.35,420.23,420.33,1009300,0
4/26/22 13:50,420.26,420.42,419.59,419.95,420.29,781200,0
4/26/22 13:55,419.95,420.03,419.25,419.26,420.2,687000,1
4/26/22 14:00,419.25,419.75,419.18,419.41,420.12,893800,0
4/26/22 14:05,419.41,419.63,419,419.37,420.05,874400,0
4/26/22 14:10,419.37,419.79,419.19,419.31,419.97,657900,1
4/26/22 14:15,419.33,420.07,419.27,419.95,419.94,668600,0
4/26/22 14:20,419.94,420.52,419.47,419.85,419.9,879400,1
4/26/22 14:25,419.85,420.95,419.76,420.64,419.93,770900,0
4/26/22 14:30,420.64,420.86,420.1,420.58,419.95,625800,0
4/26/22 14:35,420.54,420.67,419.87,420.38,419.96,725900,1
4/26/22 14:40,420.39,421,420.29,420.58,419.99,704100,0
4/26/22 14:45,420.58,420.58,419.39,419.45,419.94,951000,1
4/26/22 14:50,419.45,419.95,419.23,419.55,419.9,866500,1
4/26/22 14:55,419.55,420.4,419.48,420.26,419.91,648900,1
4/26/22 15:00,420.26,420.95,420.18,420.75,419.97,709000,0
4/26/22 15:05,420.72,421.22,420.21,420.25,419.99,1026600,0
4/26/22 15:10,420.24,420.32,419.44,419.55,419.96,891800,0
4/26/22 15:15,419.54,419.97,418.61,418.73,419.87,1195400,0
4/26/22 15:20,418.72,418.78,417.61,417.79,419.72,1714600,1
4/26/22 15:25,417.79,418.56,417.73,418.39,419.62,1432700,0
4/26/22 15:30,418.39,418.55,417.79,417.96,419.49,1164000,0
4/26/22 15:35,417.95,418.22,417.24,417.49,419.33,2164100,1
4/26/22 15:40,417.49,418.2,417.11,418.17,419.22,1668400,0
4/26/22 15:45,418.17,418.43,417.4,418.09,419.11,1745600,0
4/26/22 15:50,418.09,418.45,417.2,417.49,418.96,2586300,0
4/26/22 15:55,417.49,418.31,417.02,417.12,418.79,3725800,0
4/26/22 16:00,417.12,417.68,416.07,416.11,418.55,6964300,1
4/27/22 9:35,417.38,418.49,417.15,417.91,418.46,3657700,1
4/27/22 9:40,417.91,418.76,417.8,418.42,418.42,2189800,1
4/27/22 9:45,418.42,420.58,418.24,420.53,418.54,2292000,1
4/27/22 9:50,420.54,421.77,420.44,421.37,418.71,2434000,0
4/27/22 9:55,421.38,422.02,420.53,420.75,418.84,1813000,0
4/27/22 10:00,420.73,420.99,420.38,420.75,418.97,1043000,0
4/27/22 10:05,420.75,421.76,419.23,419.51,418.99,1871400,0
4/27/22 10:10,419.5,419.78,418.79,419.07,418.99,1654700,0
4/27/22 10:15,419.07,421.77,416.91,417.01,418.84,1889000,0
4/27/22 10:20,417.02,417.05,415.81,416.44,418.65,2175800,1
4/27/22 10:25,416.41,417.7,416.24,417.2,418.53,1827600,0
4/27/22 10:30,417.19,417.76,415.89,415.94,418.31,1113100,1
4/27/22 10:35,415.94,416.08,415.01,415.99,418.12,2150500,1
4/27/22 10:40,415.98,417.82,415.81,417.51,418.06,1721400,1
4/27/22 10:45,417.51,418.36,417.35,418.05,418.05,1265800,1
4/27/22 10:50,418.05,419.28,417.77,419.22,418.13,1313900,0
4/27/22 10:55,419.23,419.32,418.12,418.19,418.13,1119400,0
4/27/22 11:00,418.2,418.82,417.97,418.03,418.12,847600,1
4/27/22 11:05,418.03,419.92,417.97,418.76,418.16,1499600,0
4/27/22 11:10,418.76,418.89,417.96,418.29,418.17,983000,1
4/27/22 11:15,418.29,419.21,417.71,418.39,418.18,1158000,1
4/27/22 11:20,418.38,419.61,418.38,419.37,418.27,1285100,0
4/27/22 11:25,419.37,419.83,418.39,419.31,418.34,1116800,1
4/27/22 11:30,419.31,420.03,419.08,419.8,418.45,1050800,1
4/27/22 11:35,419.82,420.77,419.78,420.72,418.63,1467000,0
4/27/22 11:40,420.73,420.82,420.3,420.36,418.76,911400,1
4/27/22 11:45,420.36,421,420.05,420.39,418.88,912200,0
4/27/22 11:50,420.42,420.44,419.85,420.16,418.99,702400,0
4/27/22 11:55,420.15,420.31,418.94,419.15,419.01,787800,1
4/27/22 12:00,419.13,419.74,418.96,419.69,419.08,697700,0
4/27/22 12:05,419.68,419.93,418.73,419.52,419.15,695400,1
4/27/22 12:10,419.52,420.55,419.5,420.39,419.28,675300,0
4/27/22 12:15,420.39,420.46,419.9,420.12,419.39,591200,0
4/27/22 12:20,420.13,420.51,419.69,420,419.49,587500,1
4/27/22 12:25,419.99,421.91,419.79,421.57,419.7,1312600,1
4/27/22 12:30,421.62,422.24,421.44,422.11,419.94,1008500,0
4/27/22 12:35,422.11,422.49,421.69,421.95,420.15,1048800,0
4/27/22 12:40,421.95,422.07,421.34,421.91,420.33,863800,1
4/27/22 12:45,421.91,422.92,421.64,422.45,420.54,996600,0
4/27/22 12:50,422.45,422.65,421.71,421.89,420.7,971700,1
4/27/22 12:55,421.89,422.11,421.61,421.9,420.84,533400,1
4/27/22 13:00,421.9,422.15,421.69,422.06,420.98,698600,1
4/27/22 13:05,422.06,422.23,420.09,422.1,421.12,2567700,0
4/27/22 13:10,422.1,422.35,420.67,420.84,421.14,1099800,0
4/27/22 13:15,420.84,421.16,420.16,420.72,421.15,1073300,0
4/27/22 13:20,420.73,420.76,420.13,420.4,421.13,764400,1
4/27/22 13:25,420.4,421.17,420.34,420.56,421.12,841200,1
4/27/22 13:30,420.56,421.61,419.65,421.53,421.17,1262800,0
4/27/22 13:35,421.53,421.96,421.06,421.48,421.22,758000,0
4/27/22 13:40,421.47,421.93,420.62,420.89,421.21,583100,0
4/27/22 13:45,420.89,421.07,420.44,420.85,421.21,508200,1
4/27/22 13:50,420.84,421.7,420.6,421.57,421.25,608800,1
4/27/22 13:55,421.57,422.15,421.45,421.92,421.32,570000,1
4/27/22 14:00,421.92,421.99,421.45,421.93,421.38,500100,0
4/27/22 14:05,421.92,421.96,421.11,421.21,421.38,614600,1
4/27/22 14:10,421.2,421.67,421.06,421.32,421.38,429300,1
4/27/22 14:15,421.32,421.71,420.84,421.46,421.39,478700,0
4/27/22 14:20,421.42,421.48,420.38,420.62,421.33,511300,0
4/27/22 14:25,420.64,421.23,420.56,420.56,421.27,374600,0
4/27/22 14:30,420.56,420.71,420.21,420.37,421.19,456400,1
4/27/22 14:35,420.37,421.02,420.18,420.83,421.14,527800,0
4/27/22 14:40,420.83,420.97,419.38,420.57,421.09,897300,1
4/27/22 14:45,420.57,421.43,420.5,421.15,421.08,879200,0
4/27/22 14:50,421.17,421.56,420.42,420.65,421.03,883000,0
4/27/22 14:55,420.65,420.78,419.51,419.68,420.92,660600,0
4/27/22 15:00,419.66,419.66,418.29,418.71,420.73,1366500,0
4/27/22 15:05,418.71,419,417.78,418.06,420.51,1459200,1
4/27/22 15:10,418.05,418.68,417.69,418.08,420.3,1468500,1
4/27/22 15:15,418.07,418.68,417.63,418.41,420.13,1150800,0
4/27/22 15:20,418.42,418.9,417.56,418.04,419.94,928000,0
4/27/22 15:25,418.04,418.28,417.24,417.73,419.73,1090500,1
4/27/22 15:30,417.73,418.52,417.71,418.27,419.57,1037400,0
4/27/22 15:35,418.27,418.64,417.77,417.96,419.39,1077900,0
4/27/22 15:40,417.96,418.32,417.1,417.35,419.18,1535300,1
4/27/22 15:45,417.36,418.65,417.12,418.3,419.06,1668100,0
4/27/22 15:50,418.3,418.79,417.37,417.49,418.88,1959800,0
4/27/22 15:55,417.48,417.65,416.53,417.36,418.7,4200800,0
4/27/22 16:00,417.36,417.99,416.9,417.25,418.53,5977500,1
4/28/22 9:35,422.17,423.08,421.11,421.15,418.67,2734400,0
4/28/22 9:40,421.16,421.74,420.73,420.79,418.78,1853700,0
4/28/22 9:45,420.79,421.51,419.64,419.81,418.82,1328000,1
4/28/22 9:50,419.81,420.85,419.75,420.03,418.88,1374700,1
4/28/22 9:55,420.03,420.86,419.56,420.7,419,1328000,0
4/28/22 10:00,420.7,420.82,420.09,420.48,419.1,841300,0
4/28/22 10:05,420.45,420.52,418.75,418.85,419.08,1504300,1
4/28/22 10:10,418.83,419.95,418.63,419.55,419.11,1053100,0
4/28/22 10:15,419.56,419.91,418.9,419.47,419.14,983700,1
4/28/22 10:20,419.47,420.65,418.91,420.57,419.26,1270200,0
4/28/22 10:25,420.57,420.68,419.79,419.86,419.33,955100,0
4/28/22 10:30,419.86,419.92,418.41,418.48,419.29,1487500,0
4/28/22 10:35,418.48,418.71,417.89,418,419.22,1374800,1
4/28/22 10:40,418,418.75,417.91,418.21,419.17,796300,1
4/28/22 10:45,418.21,418.46,417.6,418.38,419.13,782600,0
4/28/22 10:50,418.38,418.93,418.19,418.37,419.09,886000,1
4/28/22 10:55,418.37,418.72,417.77,418.66,419.07,677200,1
4/28/22 11:00,418.66,419.58,418.52,419.28,419.1,872100,1
4/28/22 11:05,419.28,419.97,419.09,419.8,419.16,803700,1
4/28/22 11:10,419.8,420.84,419.51,420.66,419.29,901400,1
4/28/22 11:15,420.66,420.85,420.39,420.84,419.42,696100,1
4/28/22 11:20,420.82,421.28,420.53,421.24,419.57,1202200,0
4/28/22 11:25,421.24,421.3,420.54,420.79,419.67,585800,0
4/28/22 11:30,420.81,421.26,420.61,420.74,419.76,685600,1
4/28/22 11:35,420.74,421.35,420.38,421.22,419.88,781200,0
4/28/22 11:40,421.22,421.3,420.24,420.31,419.92,584100,0
4/28/22 11:45,420.31,420.59,419.96,420.04,419.94,559000,0
4/28/22 11:50,420.04,420.14,419.47,419.98,419.95,587500,1
4/28/22 11:55,419.97,420.92,419.75,420.5,420.01,697400,1
4/28/22 12:00,420.5,420.67,420,420.55,420.07,396000,1
4/28/22 12:05,420.55,421,420.13,420.88,420.15,506800,0
4/28/22 12:10,420.88,420.9,420.02,420.46,420.2,516500,1
4/28/22 12:15,420.46,421.33,420.41,421.32,420.31,461400,1
4/28/22 12:20,421.32,422.07,421.26,422.04,420.47,814900,1
4/28/22 12:25,422.04,422.64,421.88,422.5,420.66,667100,1
4/28/22 12:30,422.5,423.22,422.48,423.21,420.9,877000,1
4/28/22 12:35,423.21,423.73,423.09,423.69,421.16,667100,1
4/28/22 12:40,423.7,424.19,423.65,424.02,421.44,983800,1
4/28/22 12:45,424.01,424.75,424.01,424.75,421.75,1081800,1
4/28/22 12:50,424.75,425.8,424.74,425.24,422.07,2161100,1
4/28/22 12:55,425.25,425.43,424.67,425.28,422.39,1261200,1
4/28/22 13:00,425.28,425.64,425,425.6,422.7,789100,1
4/28/22 13:05,425.6,425.94,425.23,425.84,423.01,1195400,1
4/28/22 13:10,425.82,426.42,425.51,426.28,423.33,1094900,1
4/28/22 13:15,426.28,427.2,426.21,427.06,423.7,1300300,0
4/28/22 13:20,427.06,427.3,426.44,426.94,424.03,1066700,0
4/28/22 13:25,426.95,426.99,426.19,426.49,424.32,739500,1
4/28/22 13:30,426.46,427.05,426.43,426.86,424.61,655400,1
4/28/22 13:35,426.87,427.14,426.32,426.89,424.89,1144600,1
4/28/22 13:40,426.89,427.58,426.65,427.47,425.19,925700,0
4/28/22 13:45,427.47,427.63,426.5,426.96,425.44,965800,1
4/28/22 13:50,426.95,427.55,426.77,427.39,425.7,671200,0
4/28/22 13:55,427.4,427.45,426.64,426.8,425.89,833500,1
4/28/22 14:00,426.8,427.23,426.59,427.17,426.09,559100,1
4/28/22 14:05,427.17,427.47,427.03,427.35,426.28,740400,0
4/28/22 14:10,427.35,427.37,426.82,427.15,426.43,602900,0
4/28/22 14:15,427.15,427.53,426.96,427.07,426.56,603500,1
4/28/22 14:20,427.06,427.36,426.72,427.35,426.69,530300,1
4/28/22 14:25,427.34,427.68,426.97,427.66,426.83,539600,0
4/28/22 14:30,427.66,427.66,427.23,427.54,426.94,603400,0
4/28/22 14:35,427.55,427.79,427.13,427.52,427.03,1114000,1
4/28/22 14:40,427.52,427.94,427.42,427.82,427.13,815900,1
4/28/22 14:45,427.83,428.41,427.81,428.37,427.26,1024400,1
4/28/22 14:50,428.37,428.83,428.3,428.82,427.41,1020700,0
4/28/22 14:55,428.82,429.2,428.32,428.33,427.52,1155300,1
4/28/22 15:00,428.33,428.76,428.2,428.65,427.63,794200,1
4/28/22 15:05,428.65,429.03,428.3,428.7,427.75,1262200,1
4/28/22 15:10,428.7,429.17,428.66,429.03,427.87,798800,0
4/28/22 15:15,429.03,429.06,428.48,428.64,427.96,895800,1
4/28/22 15:20,428.63,429.11,428.45,429.11,428.07,738400,1
4/28/22 15:25,429.11,429.64,428.97,429.6,428.22,1111700,0
4/28/22 15:30,429.6,429.6,428.72,428.77,428.3,1225400,0
4/28/22 15:35,428.78,428.87,428.03,428.14,428.32,1536600,0
4/28/22 15:40,428.14,428.41,427.57,427.99,428.32,1648000,0
4/28/22 15:45,427.97,428.56,427.47,427.62,428.29,1346300,0
4/28/22 15:50,427.62,428.17,427.04,427.55,428.26,2193600,0
4/28/22 15:55,427.54,427.6,426.65,427.19,428.2,3323300,1
4/28/22 16:00,427.19,427.9,426.37,427.8,428.18,7584400,0
4/29/22 9:35,423.56,424.67,422.68,424.44,427.91,2584800,0
4/29/22 9:40,424.45,424.88,423.31,423.83,427.59,1557500,0
4/29/22 9:45,423.82,424.22,422.69,422.86,427.21,1220300,1
4/29/22 9:50,422.86,423.66,422.58,423.38,426.89,1143500,1
4/29/22 9:55,423.38,424,422.93,423.56,426.59,1052800,1
4/29/22 10:00,423.57,425.87,423.54,425.71,426.46,1864200,0
4/29/22 10:05,425.71,425.86,424.87,424.92,426.28,1110100,0
4/29/22 10:10,424.92,425.12,424.02,424.52,426.08,1041800,0
4/29/22 10:15,424.52,424.94,423.97,424.27,425.87,898600,0
4/29/22 10:20,424.27,424.99,422.14,422.38,425.53,1326400,0
4/29/22 10:25,422.38,422.63,421.66,421.94,425.17,1498600,0
4/29/22 10:30,421.94,422.21,420.98,421.18,424.77,1143300,0
4/29/22 10:35,421.18,421.41,420.95,421.03,424.38,1140800,1
4/29/22 10:40,421.03,421.25,420.38,421.04,424.02,1292100,0
4/29/22 10:45,421.04,421.11,420.34,420.81,423.66,969500,0
4/29/22 10:50,420.81,420.84,420.15,420.28,423.29,1564100,1
4/29/22 10:55,420.28,420.62,419.93,420.45,422.95,1046900,1
4/29/22 11:00,420.45,420.91,420.28,420.76,422.67,1060000,0
4/29/22 11:05,420.76,420.76,419.94,420.49,422.39,978700,0
4/29/22 11:10,420.47,421.2,420.21,420.32,422.12,879300,0
4/29/22 11:15,420.32,420.62,419.6,420.3,421.88,837000,1
4/29/22 11:20,420.29,420.61,420.03,420.54,421.68,663300,1
4/29/22 11:25,420.54,421.09,420.14,420.79,421.52,886900,1
4/29/22 11:30,420.79,421,420.34,420.94,421.4,904400,1
4/29/22 11:35,420.91,421.99,420.64,421.35,421.32,1175700,0
4/29/22 11:40,421.35,421.71,420.94,420.96,421.23,751900,1
4/29/22 11:45,420.95,421.67,420.74,421.55,421.2,776100,0
4/29/22 11:50,421.55,422.13,421.25,421.4,421.17,990400,1
4/29/22 11:55,421.4,421.65,420.93,421.43,421.14,889400,0
4/29/22 12:00,421.43,421.57,420.4,420.45,421.04,745800,0
4/29/22 12:05,420.45,420.56,419.12,419.21,420.86,980300,0
4/29/22 12:10,419.21,419.37,418.88,418.98,420.68,775500,1
4/29/22 12:15,418.98,419.46,418.91,419.25,420.54,800100,0
4/29/22 12:20,419.26,419.26,418.75,418.92,420.38,724900,1
4/29/22 12:25,418.92,419.33,418.68,419.32,420.28,1099100,0
4/29/22 12:30,419.32,419.56,418.65,418.83,420.15,685000,0
4/29/22 12:35,418.83,418.95,418.42,418.67,420.01,547800,1
4/29/22 12:40,418.7,418.92,418.46,418.71,419.89,551300,0
4/29/22 12:45,418.71,418.81,418.04,418.1,419.73,889500,0
4/29/22 12:50,418.11,418.44,418.02,418.09,419.57,641300,0
4/29/22 12:55,418.08,418.11,417.21,417.28,419.36,1391600,1
4/29/22 13:00,417.26,417.94,417.26,417.68,419.19,1275300,1
4/29/22 13:05,417.66,418.65,417.62,418.41,419.09,1051200,0
4/29/22 13:10,418.41,418.46,417.49,417.65,418.93,757500,1
4/29/22 13:15,417.65,418.09,417.52,418.06,418.81,647400,1
4/29/22 13:20,418.06,418.5,417.96,418.31,418.73,768300,1
4/29/22 13:25,418.31,418.98,418.08,418.9,418.69,799800,0
4/29/22 13:30,418.9,419.44,418.62,418.65,418.63,785700,1
4/29/22 13:35,418.65,419.26,418.61,418.99,418.61,782500,1
4/29/22 13:40,418.96,419.78,418.84,419.1,418.61,906400,0
4/29/22 13:45,419.08,419.16,418.09,418.27,418.55,784100,0
4/29/22 13:50,418.26,418.33,417.76,417.84,418.46,626200,0
4/29/22 13:55,417.84,418.12,417.72,417.76,418.38,765200,0
4/29/22 14:00,417.76,417.92,417.57,417.66,418.3,702800,0
4/29/22 14:05,417.66,417.8,417.1,417.23,418.2,958500,0
4/29/22 14:10,417.23,417.34,416.95,417.01,418.1,1283100,1
4/29/22 14:15,417.01,417.45,416.73,417.19,418.01,778700,1
4/29/22 14:20,417.19,418.06,417.18,417.31,417.94,968900,0
4/29/22 14:25,417.32,417.35,416.52,416.67,417.82,818300,1
4/29/22 14:30,416.67,416.99,416.6,416.75,417.72,836700,0
4/29/22 14:35,416.75,417.04,416.39,416.57,417.61,844800,0
4/29/22 14:40,416.57,416.85,415.85,415.93,417.46,1080000,1
4/29/22 14:45,415.92,416.27,415.86,416.25,417.35,878800,0
4/29/22 14:50,416.25,416.28,415.3,415.33,417.17,1232500,0
4/29/22 14:55,415.33,415.49,415.01,415.03,416.97,1282100,1
4/29/22 15:00,415.03,415.91,414.83,415.66,416.84,1649700,0
4/29/22 15:05,415.66,415.74,415.06,415.49,416.69,1376500,0
4/29/22 15:10,415.48,415.49,414.53,414.58,416.49,1455800,0
4/29/22 15:15,414.56,414.83,413.9,414.12,416.25,1748800,1
4/29/22 15:20,414.12,415.13,414.04,415.1,416.11,1970200,0
4/29/22 15:25,415.1,415.16,414.35,414.89,415.96,1775100,0
4/29/22 15:30,414.91,415.2,414.01,414.07,415.75,1735000,1
4/29/22 15:35,414.07,414.97,413.82,414.58,415.6,2695000,1
4/29/22 15:40,414.58,415.13,414.14,414.63,415.47,2776700,0
4/29/22 15:45,414.62,415.15,414.01,414.08,415.31,2829500,0
4/29/22 15:50,414.06,414.27,412.76,412.84,415.06,5208800,0
4/29/22 15:55,412.84,412.84,411.51,411.87,414.76,8070200,1
4/29/22 16:00,411.86,412.46,411.21,412.05,414.49,13135400,0
5/2/22 9:35,412.01,413.07,410.97,411.04,414.16,2996100,0
5/2/22 9:40,411.04,411.1,409.32,410.45,413.81,2761300,1
5/2/22 9:45,410.45,413.04,409.25,412.06,413.6,2845200,0
5/2/22 9:50,412.06,412.89,410.95,411.5,413.36,2018300,1
5/2/22 9:55,411.5,412.6,410.84,412.51,413.22,1850000,0
5/2/22 10:00,412.51,413.37,411.78,412.34,413.08,1725400,1
5/2/22 10:05,412.34,413.19,411.48,413.01,413.01,1799300,0
5/2/22 10:10,413,413.05,410.54,410.87,412.78,1617200,1
5/2/22 10:15,410.87,411.61,410.38,410.98,412.58,1456500,1
5/2/22 10:20,410.98,412.47,410.35,412.19,412.48,1241200,1
5/2/22 10:25,412.19,413.57,411.42,413.27,412.48,1580500,1
5/2/22 10:30,413.31,414.95,413.1,414.46,412.58,2775600,1
5/2/22 10:35,414.44,415.92,414.42,415.15,412.74,1961100,0
5/2/22 10:40,415.15,415.34,414.06,414.71,412.86,1674500,0
5/2/22 10:45,414.71,415.51,413.86,414.07,412.93,1503500,0
5/2/22 10:50,414.07,414.38,413.54,413.86,412.99,1303900,0
5/2/22 10:55,413.88,413.98,413.07,413.23,413.01,1387300,0
5/2/22 11:00,413.23,413.93,412.28,412.41,412.96,1493100,0
5/2/22 11:05,412.41,412.62,410.87,410.89,412.81,1536800,1
5/2/22 11:10,410.91,412.05,410.81,411.74,412.73,1498100,1
5/2/22 11:15,411.74,412.32,411.12,412.3,412.7,1227600,0
5/2/22 11:20,412.28,412.32,410.13,410.52,412.55,1506500,1
5/2/22 11:25,410.52,411.07,410.15,410.86,412.43,1077300,0
5/2/22 11:30,410.88,411.43,410,410.58,412.29,1246000,1
5/2/22 11:35,410.58,411.4,409.88,410.95,412.19,1720700,0
5/2/22 11:40,410.95,411.8,410.15,410.28,412.04,1270500,1
5/2/22 11:45,410.26,411.23,409.8,410.56,411.91,1354400,0
5/2/22 11:50,410.56,411.31,410.26,410.56,411.79,846900,1
5/2/22 11:55,410.56,411.29,410.36,411.05,411.7,792900,1
5/2/22 12:00,411.05,411.86,410.69,411.76,411.67,1239200,0
5/2/22 12:05,411.76,412.22,409.77,410.23,411.53,1345600,1
5/2/22 12:10,410.23,410.58,409.81,410.46,411.41,835500,1
5/2/22 12:15,410.46,410.76,410.13,410.63,411.31,627900,1
5/2/22 12:20,410.63,411.87,410.31,411.83,411.3,1014600,0
5/2/22 12:25,411.83,412.56,411.54,411.66,411.28,1115500,0
5/2/22 12:30,411.65,411.81,410.88,411.51,411.25,671400,1
5/2/22 12:35,411.51,411.96,411.11,411.89,411.25,739300,0
5/2/22 12:40,411.89,412.27,410.72,410.83,411.18,793700,0
5/2/22 12:45,410.83,411.25,410.37,410.51,411.1,655400,0
5/2/22 12:50,410.51,410.74,410.06,410.31,411.02,745200,0
5/2/22 12:55,410.31,410.44,409.4,409.58,410.89,910200,0
5/2/22 13:00,409.58,410.13,408.68,408.99,410.73,1432000,0
5/2/22 13:05,408.98,409.26,408.03,408.4,410.53,1417000,1
5/2/22 13:10,408.4,409.77,408.27,409.33,410.42,1375400,1
5/2/22 13:15,409.31,410.08,409.13,409.72,410.35,748100,0
5/2/22 13:20,409.72,409.79,409.01,409.28,410.25,654300,0
5/2/22 13:25,409.28,409.36,408.6,408.69,410.11,640300,0
5/2/22 13:30,408.69,409.25,408.22,408.67,409.97,785600,0
5/2/22 13:35,408.67,409.34,408.06,408.17,409.81,1136000,0
5/2/22 13:40,408.15,408.53,407.85,408.08,409.64,1310600,0
5/2/22 13:45,408.08,408.55,407.61,407.61,409.45,855100,0
5/2/22 13:50,407.61,407.87,407.01,407.08,409.22,1375000,0
5/2/22 13:55,407.07,407.48,406.92,407.03,409,1215900,1
5/2/22 14:00,407.03,407.72,407,407.65,408.84,1280100,1
5/2/22 14:05,407.65,408.48,407.03,408.47,408.76,2025400,0
5/2/22 14:10,408.45,408.82,407.56,407.56,408.61,1223600,0
5/2/22 14:15,407.56,407.68,406.17,406.26,408.37,1149700,0
5/2/22 14:20,406.26,406.35,405.8,405.91,408.12,1975800,1
5/2/22 14:25,405.9,406.71,405.75,406.43,407.92,1366700,0
5/2/22 14:30,406.43,406.64,406.02,406.29,407.73,1225100,1
5/2/22 14:35,406.29,406.93,406.01,406.64,407.58,1853200,0
5/2/22 14:40,406.65,406.79,406,406.34,407.42,1331000,0
5/2/22 14:45,406.34,406.59,405.02,405.5,407.22,1580300,1
5/2/22 14:50,405.5,406.92,405.5,406.71,407.13,1589600,1
5/2/22 14:55,406.7,407.72,406.02,407.19,407.08,2122700,0
5/2/22 15:00,407.19,407.43,406.02,406.46,406.99,1739900,1
5/2/22 15:05,406.46,408,406.32,407.69,407,1638800,1
5/2/22 15:10,407.7,409.19,407.52,408.82,407.1,1980100,1
5/2/22 15:15,408.82,410.44,408.78,410.38,407.32,2416700,1
5/2/22 15:20,410.39,410.83,409.76,410.56,407.56,2353000,1
5/2/22 15:25,410.56,412.21,410.56,412.01,407.9,2259600,0
5/2/22 15:30,412.01,412.54,411.52,411.91,408.22,2416500,1
5/2/22 15:35,411.91,413.71,411.84,413.64,408.67,2874800,0
5/2/22 15:40,413.64,413.91,412.25,412.6,409.02,2776800,0
5/2/22 15:45,412.6,413.53,411.71,411.75,409.3,2520500,1
5/2/22 15:50,411.75,413.64,411.55,413.56,409.7,2567700,1
5/2/22 15:55,413.56,414.41,413.12,414.19,410.13,6143600,1
5/2/22 16:00,414.19,414.66,413.68,414.5,410.56,5747700,1
5/3/22 9:35,414.91,415.71,413.93,415.36,411.04,2880900,0
5/3/22 9:40,415.36,415.4,413.78,413.98,411.39,2186000,1
5/3/22 9:45,413.99,415.36,413.9,414.42,411.75,1682700,0
5/3/22 9:50,414.4,414.52,413.36,414.02,412.06,1689500,1
5/3/22 9:55,414.02,415.08,413.71,414.81,412.41,2012500,1
5/3/22 10:00,414.81,415.55,414.27,415.42,412.78,1803100,1
5/3/22 10:05,415.42,416.27,415.42,415.98,413.16,1840300,0
5/3/22 10:10,415.98,416.24,414.08,414.33,413.39,1727000,1
5/3/22 10:15,414.32,415.32,413.78,415.07,413.65,1618700,0
5/3/22 10:20,415.07,415.17,414.07,415.06,413.88,1298800,0
5/3/22 10:25,415.06,415.46,414.3,414.87,414.07,1098300,1
5/3/22 10:30,414.87,416.04,414.62,415.72,414.3,1493700,1
5/3/22 10:35,415.72,416.7,415.18,416.39,414.56,1766100,0
5/3/22 10:40,416.39,416.55,415.37,415.43,414.71,1127000,0
5/3/22 10:45,415.44,415.55,414.48,414.5,414.76,927200,0
5/3/22 10:50,414.5,414.69,413.9,414.31,414.78,1133400,1
5/3/22 10:55,414.3,415.26,414.05,414.84,414.83,1098500,1
5/3/22 11:00,414.83,415.63,414.8,415.25,414.9,960000,1
5/3/22 11:05,415.25,416.41,414.72,416.39,415.05,966200,1
5/3/22 11:10,416.41,417.83,416.23,417.6,415.28,1750100,1
5/3/22 11:15,417.6,417.72,416.82,417.68,415.5,1113900,0
5/3/22 11:20,417.68,418.09,416.88,417.6,415.7,1056900,1
5/3/22 11:25,417.61,418.48,417.59,418.38,415.94,850900,0
5/3/22 11:30,418.38,418.56,417.74,417.95,416.13,842800,1
5/3/22 11:35,417.96,418.93,417.96,418.67,416.36,945600,0
5/3/22 11:40,418.67,418.74,417.51,417.63,416.51,794800,1
5/3/22 11:45,417.63,418.4,417.63,417.77,416.66,805400,0
5/3/22 11:50,417.77,417.89,417.26,417.69,416.79,522800,0
5/3/22 11:55,417.7,417.94,417.3,417.64,416.9,570500,1
5/3/22 12:00,417.64,417.99,417.41,417.9,417.03,694600,1
5/3/22 12:05,417.89,418.76,417.65,418.37,417.18,1032200,0
5/3/22 12:10,418.37,418.38,415.95,416.3,417.16,1488100,1
5/3/22 12:15,416.3,416.93,416.05,416.84,417.18,946100,1
5/3/22 12:20,416.84,416.97,416.32,416.87,417.2,773300,1
5/3/22 12:25,416.87,417.45,416.84,417.27,417.25,738700,0
5/3/22 12:30,417.27,417.69,416.59,416.65,417.23,822400,1
5/3/22 12:35,416.63,416.92,416.09,416.69,417.22,685500,1
5/3/22 12:40,416.69,417.26,416.44,416.85,417.22,609500,1
5/3/22 12:45,416.86,417.34,416.66,416.9,417.22,516400,0
5/3/22 12:50,416.9,417.48,416.34,416.81,417.2,777500,0
5/3/22 12:55,416.81,417.15,416.5,416.58,417.16,518700,1
5/3/22 13:00,416.6,417.14,416.01,416.98,417.15,665900,1
5/3/22 13:05,416.98,417.97,416.93,417.15,417.14,623500,1
5/3/22 13:10,417.15,417.8,416.91,417.67,417.17,444100,1
5/3/22 13:15,417.66,418.28,417.48,418.16,417.23,617600,1
5/3/22 13:20,418.19,418.55,418.1,418.21,417.29,614000,0
5/3/22 13:25,418.21,418.71,417.55,417.93,417.33,842300,0
5/3/22 13:30,417.92,418.05,417.33,417.67,417.35,575500,1
5/3/22 13:35,417.68,418.22,417.53,418.16,417.41,517000,1
5/3/22 13:40,418.16,418.44,417.81,418.37,417.48,547400,1
5/3/22 13:45,418.38,418.56,417.91,418.5,417.56,550600,0
5/3/22 13:50,418.5,418.63,417.93,418.09,417.61,640500,0
5/3/22 13:55,418.08,418.15,417.37,417.62,417.63,570300,0
5/3/22 14:00,417.62,417.73,417.28,417.55,417.64,595800,0
5/3/22 14:05,417.55,417.58,416.61,416.71,417.58,1120300,0
5/3/22 14:10,416.72,416.73,416.27,416.54,417.51,726900,0
5/3/22 14:15,416.54,416.59,415.66,415.75,417.39,1006400,0
5/3/22 14:20,415.75,415.75,415.07,415.3,417.24,977200,0
5/3/22 14:25,415.3,415.43,414.87,415.28,417.09,932700,0
5/3/22 14:30,415.28,415.35,414.88,414.99,416.92,595000,1
5/3/22 14:35,414.99,415.8,414.94,415.74,416.82,960800,0
5/3/22 14:40,415.75,416.49,415.14,415.23,416.68,1051700,1
5/3/22 14:45,415.23,415.86,414.12,415.54,416.56,1504900,1
5/3/22 14:50,415.55,416.03,414.5,415.84,416.48,971200,1
5/3/22 14:55,415.84,416.85,415.59,416.35,416.44,997900,1
5/3/22 15:00,416.35,417.49,416.06,417.32,416.47,953700,0
5/3/22 15:05,417.31,417.5,416.84,416.97,416.48,919000,1
5/3/22 15:10,416.97,417.96,416.86,417.7,416.54,800700,0
5/3/22 15:15,417.7,417.98,416.65,417.69,416.6,836600,0
5/3/22 15:20,417.69,417.87,416.74,416.82,416.59,987600,0
5/3/22 15:25,416.82,417.67,415.97,416.7,416.58,982400,0
5/3/22 15:30,416.7,417.01,416.21,416.65,416.56,861400,1
5/3/22 15:35,416.65,417.34,416.15,417.13,416.59,1190500,0
5/3/22 15:40,417.13,417.21,415.72,416,416.53,1611900,0
5/3/22 15:45,416.01,416.04,414.79,415.29,416.43,1754900,1
5/3/22 15:50,415.29,416.15,414.81,415.5,416.35,1643200,1
5/3/22 15:55,415.5,416.9,414.95,416.68,416.37,2851400,0
5/3/22 16:00,416.68,416.83,416.12,416.41,416.37,3998400,0
5/4/22 9:35,417.13,417.15,416.15,416.28,416.37,1729600,1
5/4/22 9:40,416.28,416.77,416.17,416.42,416.38,1401800,1
5/4/22 9:45,416.42,417.05,416.24,416.87,416.43,1421700,1
5/4/22 9:50,416.85,417.42,416.72,417.33,416.51,1157700,0
5/4/22 9:55,417.34,417.36,416.31,416.37,416.52,1111400,0
5/4/22 10:00,416.39,416.72,416.02,416.03,416.49,946400,0
5/4/22 10:05,416.03,416.16,415.4,415.62,416.43,1366900,0
5/4/22 10:10,415.62,415.69,415.03,415.26,416.34,1105800,0
5/4/22 10:15,415.26,415.71,414.91,414.92,416.23,951000,0
5/4/22 10:20,414.92,415.1,414.45,414.87,416.11,1053500,1
5/4/22 10:25,414.87,415.32,414.71,415.05,416.01,757800,1
5/4/22 10:30,415.03,415.7,414.88,415.33,415.94,1064600,0
5/4/22 10:35,415.33,415.47,414.25,414.43,415.79,1045500,1
5/4/22 10:40,414.42,415.25,414.42,415.2,415.72,655400,1
5/4/22 10:45,415.2,415.55,415.04,415.26,415.65,712400,0
5/4/22 10:50,415.26,415.68,415.13,415.26,415.6,582600,0
5/4/22 10:55,415.26,415.32,414.7,414.91,415.52,653800,1
5/4/22 11:00,414.91,415.31,414.75,415.06,415.46,512200,0
5/4/22 11:05,415.07,415.25,414.49,414.71,415.38,555900,1
5/4/22 11:10,414.73,415.15,414.58,415.06,415.33,406900,0
5/4/22 11:15,415.06,415.17,414.12,414.3,415.23,621900,1
5/4/22 11:20,414.3,414.59,414.08,414.59,415.16,586800,0
5/4/22 11:25,414.58,414.62,414.21,414.44,415.08,585800,0
5/4/22 11:30,414.45,414.68,414.03,414.34,414.99,418700,0
5/4/22 11:35,414.34,414.44,413.75,413.94,414.88,613600,1
5/4/22 11:40,413.95,414.35,413.71,414.3,414.8,551800,1
5/4/22 11:45,414.3,414.61,414.19,414.43,414.75,544700,1
5/4/22 11:50,414.43,415.27,414.3,415.26,414.76,672400,1
5/4/22 11:55,415.25,415.63,415.01,415.62,414.8,615700,0
5/4/22 12:00,415.62,415.75,415.03,415.23,414.82,1445900,0
5/4/22 12:05,415.22,415.36,414.91,415.02,414.82,486200,1
5/4/22 12:10,415.03,415.58,414.98,415.47,414.87,409100,0
5/4/22 12:15,415.47,415.51,415.06,415.39,414.91,487800,1
5/4/22 12:20,415.4,416.03,415.1,415.9,414.98,893500,1
5/4/22 12:25,415.9,416.89,415.89,416.63,415.12,961800,1
5/4/22 12:30,416.64,417.15,416.54,416.98,415.27,793200,1
5/4/22 12:35,416.98,417.2,416.87,416.99,415.41,655800,1
5/4/22 12:40,416.99,417.64,416.98,417.6,415.6,719400,0
5/4/22 12:45,417.6,417.7,417.09,417.35,415.76,687800,0
5/4/22 12:50,417.35,417.43,416.89,417.13,415.9,495400,1
5/4/22 12:55,417.13,417.77,416.87,417.74,416.08,561700,1
5/4/22 13:00,417.74,418.09,417.34,418.05,416.27,948900,1
5/4/22 13:05,418.04,418.47,417.91,418.14,416.46,1076100,0
5/4/22 13:10,418.14,418.18,417.41,417.58,416.6,889100,0
5/4/22 13:15,417.58,417.58,416.9,417.31,416.71,674300,1
5/4/22 13:20,417.32,417.71,417.32,417.54,416.83,511000,1
5/4/22 13:25,417.54,417.87,417.29,417.61,416.94,657100,0
5/4/22 13:30,417.61,417.72,417.23,417.35,417.03,572900,1
5/4/22 13:35,417.35,417.72,417.02,417.69,417.13,496600,0
5/4/22 13:40,417.69,417.92,416.95,417.38,417.2,693600,1
5/4/22 13:45,417.38,417.72,417.2,417.66,417.28,419700,0
5/4/22 13:50,417.66,417.72,417.36,417.38,417.32,531500,1
5/4/22 13:55,417.38,417.51,417.19,417.47,417.37,363800,1
5/4/22 14:00,417.45,418.92,417.3,418.21,417.46,1064500,1
5/4/22 14:05,418.16,420.15,416.95,419.03,417.62,4765200,0
5/4/22 14:10,418.99,419.87,416.41,417.84,417.66,3184000,0
5/4/22 14:15,417.84,418.59,417.08,417.74,417.69,2022200,0
5/4/22 14:20,417.76,417.86,416.39,416.75,417.64,1375600,1
5/4/22 14:25,416.75,417.51,415.7,417.12,417.61,2014200,1
5/4/22 14:30,417.14,419.37,416.84,418.86,417.72,1815500,0
5/4/22 14:35,418.85,419.3,414.41,414.76,417.5,4936400,1
5/4/22 14:40,414.76,417.3,414.12,416.65,417.43,4260300,1
5/4/22 14:45,416.65,420.48,416.06,419.5,417.58,5324500,1
5/4/22 14:50,419.51,422.85,419.5,421.75,417.9,4871400,1
5/4/22 14:55,421.75,423.82,421.37,423.75,418.36,3712600,0
5/4/22 15:00,423.75,424.25,423.1,423.7,418.8,3021200,1
5/4/22 15:05,423.71,424.58,423.08,423.91,419.23,2939500,1
5/4/22 15:10,423.91,424.9,423.6,424.69,419.71,2421700,1
5/4/22 15:15,424.69,425.88,424.68,425.75,420.24,2322100,0
5/4/22 15:20,425.75,426.6,424.88,425.26,420.72,3093700,1
5/4/22 15:25,425.26,426.21,425.12,426.13,421.23,2246400,1
5/4/22 15:30,426.13,427.09,426.09,427.01,421.79,2008600,1
5/4/22 15:35,427.01,428.35,426.96,428.26,422.42,2501700,1
5/4/22 15:40,428.26,428.51,427.65,428.27,423.01,2947800,1
5/4/22 15:45,428.27,428.65,427.69,428.38,423.58,3228400,1
5/4/22 15:50,428.38,429.16,427.85,429.1,424.17,4496600,0
5/4/22 15:55,429.1,429.66,428.76,428.88,424.7,5987600,1
5/4/22 16:00,428.86,429.09,428.25,428.99,425.22,8360800,0
5/5/22 9:35,424.58,425,423.32,423.88,425.3,3509300,0
5/5/22 9:40,423.89,424.32,423.5,423.8,425.36,2767000,0
5/5/22 9:45,423.77,424.6,422.69,422.72,425.32,2377600,0
5/5/22 9:50,422.72,422.97,422.03,422.07,425.21,2043800,0
5/5/22 9:55,422.07,422.54,421.76,421.93,425.08,1905500,0
5/5/22 10:00,421.93,422.23,421.11,421.57,424.91,2193600,0
5/5/22 10:05,421.59,421.63,420.15,420.22,424.62,2087900,0
5/5/22 10:10,420.21,420.3,418.97,419.49,424.27,3159700,1
5/5/22 10:15,419.49,419.97,418.22,419.91,423.94,2947200,0
5/5/22 10:20,419.92,420,418.86,419.63,423.58,2117300,0
5/5/22 10:25,419.63,419.65,417.75,418.15,423.1,2518200,0
5/5/22 10:30,418.15,418.85,418.03,418.1,422.63,1473600,0
5/5/22 10:35,418.1,418.47,417.46,417.85,422.16,1922500,0
5/5/22 10:40,417.85,418.29,416.86,416.91,421.63,1948300,1
5/5/22 10:45,416.91,417.41,416.08,417.31,421.16,2150600,0
5/5/22 10:50,417.32,417.62,415.68,415.78,420.59,2122400,1
5/5/22 10:55,415.77,416.4,415.22,415.95,420.06,2218100,1
5/5/22 11:00,415.95,416.79,415.81,416.77,419.63,1738500,0
5/5/22 11:05,416.76,417.14,415.38,415.57,419.13,1758900,0
5/5/22 11:10,415.6,416.02,413.99,414.54,418.59,2329900,1
5/5/22 11:15,414.53,414.89,414.03,414.87,418.11,1971700,0
5/5/22 11:20,414.8,415.38,413.83,414.53,417.65,1960400,0
5/5/22 11:25,414.53,414.66,413.68,413.73,417.18,1724200,1
5/5/22 11:30,413.73,414.78,413.62,414.74,416.82,1655400,1
5/5/22 11:35,414.74,415.59,414.17,414.83,416.52,1764000,1
5/5/22 11:40,414.83,416.51,414.83,415.94,416.35,1870100,0
5/5/22 11:45,415.94,416.34,415.35,415.45,416.16,1301600,0
5/5/22 11:50,415.46,415.47,414.25,414.64,415.94,1206200,0
5/5/22 11:55,414.65,414.77,412.28,412.36,415.56,2281500,0
5/5/22 12:00,412.37,412.91,412.32,412.34,415.22,1469000,0
5/5/22 12:05,412.33,412.35,411.01,412.14,414.89,2375800,1
5/5/22 12:10,412.13,413.57,412.06,413.4,414.68,2089400,1
5/5/22 12:15,413.4,414.34,412.83,413.66,414.52,2491200,1
5/5/22 12:20,413.67,414.15,413,414.02,414.4,1464900,0
5/5/22 12:25,414.02,414.52,413.17,413.34,414.25,1653800,1
5/5/22 12:30,413.34,414.92,413.3,414.06,414.17,1439200,0
5/5/22 12:35,414.06,414.81,413.75,413.92,414.09,1226300,0
5/5/22 12:40,413.91,413.91,412.67,413.31,413.98,1501800,0
5/5/22 12:45,413.31,413.34,412.41,412.82,413.85,956500,0
5/5/22 12:50,412.84,413.11,412.06,412.54,413.7,1388000,1
5/5/22 12:55,412.54,413.94,412.43,413.93,413.68,1040900,1
5/5/22 13:00,413.93,414.53,413.77,414.51,413.71,1203100,1
5/5/22 13:05,414.51,415.96,414.49,415.39,413.81,1509400,1
5/5/22 13:10,415.39,416.39,415.31,416,413.96,1387300,0
5/5/22 13:15,416,416.02,414.46,414.56,414,1134800,1
5/5/22 13:20,414.56,415.09,413.86,414.72,414.06,1023900,1
5/5/22 13:25,414.72,415.17,414.23,414.87,414.12,792400,1
5/5/22 13:30,414.87,415.03,414.12,414.9,414.19,864600,0
5/5/22 13:35,414.9,414.9,413.82,414.33,414.2,773300,1
5/5/22 13:40,414.29,415.95,414.29,414.73,414.25,1172200,1
5/5/22 13:45,414.74,415.75,414.43,414.77,414.31,834700,0
5/5/22 13:50,414.77,415.28,414.05,414.05,414.31,826700,0
5/5/22 13:55,414.05,414.14,413.1,413.49,414.27,1057800,0
5/5/22 14:00,413.49,413.65,412.83,413.45,414.24,886800,0
5/5/22 14:05,413.45,413.6,412.67,413.04,414.16,935500,1
5/5/22 14:10,413.05,413.91,412.86,413.62,414.13,815100,0
5/5/22 14:15,413.62,413.87,412.85,413.37,414.08,824700,1
5/5/22 14:20,413.37,415.03,413.26,415,414.15,1164100,0
5/5/22 14:25,415,415.18,412.87,413.11,414.08,965000,0
5/5/22 14:30,413.11,413.24,411.92,411.99,413.92,1532100,0
5/5/22 14:35,411.96,412.48,411.65,411.83,413.75,1490900,1
5/5/22 14:40,411.83,412.43,411.58,412.3,413.62,1378700,0
5/5/22 14:45,412.29,412.74,411.81,412.3,413.5,1204400,1
5/5/22 14:50,412.31,413.18,412.18,412.67,413.41,1108500,1
5/5/22 14:55,412.67,414.14,412.64,412.83,413.34,1528700,0
5/5/22 15:00,412.81,412.94,412.34,412.77,413.26,1031100,0
5/5/22 15:05,412.77,413.08,411.44,411.59,413.09,1591700,0
5/5/22 15:10,411.59,411.86,410.82,411.45,412.92,1858200,0
5/5/22 15:15,411.45,411.67,410.16,410.24,412.67,1822400,1
5/5/22 15:20,410.24,410.84,410.12,410.79,412.47,1826400,0
5/5/22 15:25,410.78,410.82,410,410.32,412.26,1751900,0
5/5/22 15:30,410.31,411.37,409.73,410.03,412.03,2487600,1
5/5/22 15:35,410.03,411.2,409.44,410.98,411.9,2652200,1
5/5/22 15:40,410.98,412.21,410.77,411.73,411.83,3739900,0
5/5/22 15:45,411.73,412.51,411.38,411.67,411.77,3079200,0
5/5/22 15:50,411.67,412.32,409.91,410.16,411.6,4113700,1
5/5/22 15:55,410.16,414.32,410.16,412.38,411.61,8188400,1
5/5/22 16:00,412.38,414.31,412.35,413.88,411.75,9765100,0
5/6/22 9:35,411.16,411.77,410,410.02,411.58,3200600,0
5/6/22 9:40,410.02,410.05,407.86,408.02,411.28,3463700,0
5/6/22 9:45,408.02,409.18,407.65,407.75,410.96,2862400,0
5/6/22 9:50,407.75,408.15,406.09,407.23,410.63,3112500,0
5/6/22 9:55,407.23,407.67,406.17,406.49,410.26,2754600,0
5/6/22 10:00,406.49,406.95,405.73,406.36,409.9,2756400,1
5/6/22 10:05,406.36,407.23,405.75,406.93,409.61,2757800,1
5/6/22 10:10,406.92,408.75,406.88,407.05,409.35,2936700,1
5/6/22 10:15,407.05,408.72,406.43,408.04,409.17,2202400,1
5/6/22 10:20,408.07,411.61,408.01,410.51,409.2,2981700,1
5/6/22 10:25,410.51,411.21,409.73,410.55,409.24,2837900,0
5/6/22 10:30,410.57,411.57,409.42,409.46,409.19,2117700,0
5/6/22 10:35,409.49,410.72,408.86,408.97,409.13,1540200,0
5/6/22 10:40,408.94,409.26,407.64,408.59,409.04,1679400,1
5/6/22 10:45,408.58,409.82,408.14,409.19,409.01,1225200,1
5/6/22 10:50,409.19,412.1,408.96,411.81,409.19,1960700,1
5/6/22 10:55,411.83,412.52,410.88,412.48,409.41,1515400,1
5/6/22 11:00,412.48,413.48,411.9,412.77,409.66,2105000,0
5/6/22 11:05,412.74,413.06,411.66,411.92,409.82,1231500,1
5/6/22 11:10,411.92,412.39,411.45,412.07,410,983700,1
5/6/22 11:15,412.09,412.93,411.08,412.92,410.24,1021400,1
5/6/22 11:20,412.92,413.9,412.64,413.22,410.49,1436400,1
5/6/22 11:25,413.22,414.8,412.91,414.44,410.84,1688400,0
5/6/22 11:30,414.44,414.5,413.47,413.73,411.12,1430300,0
5/6/22 11:35,413.73,413.96,411.74,411.91,411.25,1988200,0
5/6/22 11:40,411.91,411.96,410.23,410.37,411.27,1428800,1
5/6/22 11:45,410.37,411.19,409.6,410.78,411.32,1333700,1
5/6/22 11:50,410.79,410.98,410,410.82,411.37,917800,0
5/6/22 11:55,410.82,411.79,410.07,410.17,411.35,1183800,0
5/6/22 12:00,410.19,410.68,409.53,409.89,411.31,751200,1
5/6/22 12:05,409.89,411.57,409.53,411.54,411.38,1128200,1
5/6/22 12:10,411.54,413.12,411.41,411.8,411.46,1364900,0
5/6/22 12:15,411.8,411.88,409.93,410.24,411.4,1102200,0
5/6/22 12:20,410.24,411.08,409.7,409.8,411.3,946300,1
5/6/22 12:25,409.8,412.2,409.71,411.52,411.32,995500,1
5/6/22 12:30,411.53,412.22,411.15,411.81,411.37,914300,1
5/6/22 12:35,411.81,412.53,411.07,412.47,411.46,756200,0
5/6/22 12:40,412.47,412.84,410.85,411.86,411.49,917100,1
5/6/22 12:45,411.86,412.38,411.34,412.23,411.55,762300,0
5/6/22 12:50,412.23,412.7,412.03,412.1,411.58,655500,1
5/6/22 12:55,412.1,413.18,411.21,412.65,411.65,958100,1
5/6/22 13:00,412.65,413.98,412.48,413.78,411.8,1226200,1
5/6/22 13:05,413.79,414.36,413.18,414.19,411.97,1221800,0
5/6/22 13:10,414.19,414.19,412.71,413.24,412.08,1040000,0
5/6/22 13:15,413.27,413.52,412.58,412.65,412.13,983600,0
5/6/22 13:20,412.64,412.96,411.16,411.26,412.07,1156800,1
5/6/22 13:25,411.26,412.6,411,411.88,412.07,935900,1
5/6/22 13:30,411.88,412.61,411.24,412.07,412.08,1066000,1
5/6/22 13:35,412.07,412.79,411.89,412.5,412.13,906500,0
5/6/22 13:40,412.49,412.94,410.82,411.34,412.1,1174700,1
5/6/22 13:45,411.31,412.2,410.69,411.67,412.1,1203700,0
5/6/22 13:50,411.67,412.13,410.82,411.32,412.06,832100,0
5/6/22 13:55,411.32,411.53,409.87,410.07,411.93,1003500,1
5/6/22 14:00,410.08,410.28,409.79,410.11,411.8,683100,0
5/6/22 14:05,410.11,410.75,409.65,409.86,411.66,1151700,0
5/6/22 14:10,409.84,409.84,408.59,408.63,411.42,1297300,1
5/6/22 14:15,408.63,409.89,408.59,409.47,411.25,1201400,0
5/6/22 14:20,409.47,410.24,409.31,409.38,411.08,942400,0
5/6/22 14:25,409.36,409.75,408.88,409.15,410.9,961700,0
5/6/22 14:30,409.15,409.25,408.32,408.77,410.69,1300000,0
5/6/22 14:35,408.73,409.2,407.97,408.33,410.46,1600200,0
5/6/22 14:40,408.31,408.76,407.89,408.27,410.23,1030500,0
5/6/22 14:45,408.27,408.91,407.97,408.03,410,927100,1
5/6/22 14:50,408.04,409.47,407.8,409.31,409.87,1211200,1
5/6/22 14:55,409.32,410.39,409.18,410.22,409.83,1581900,0
5/6/22 15:00,410.22,410.64,408.88,408.94,409.69,1339900,1
5/6/22 15:05,408.92,409.28,408.31,409.14,409.58,1231000,0
5/6/22 15:10,409.14,409.44,407.79,408.14,409.41,1237300,1
5/6/22 15:15,408.13,408.89,408.04,408.17,409.25,938400,1
5/6/22 15:20,408.17,408.66,407.66,408.53,409.15,1478900,0
5/6/22 15:25,408.53,408.61,407.45,407.6,408.98,1289000,1
5/6/22 15:30,407.6,408.94,407.36,408.63,408.9,1661700,1
5/6/22 15:35,408.63,409.83,408.57,409.55,408.9,1948500,1
5/6/22 15:40,409.55,412.06,409.48,411.84,409.09,3731400,0
5/6/22 15:45,411.85,412.18,410.8,411.09,409.22,3101600,1
5/6/22 15:50,411.09,412.61,410.62,411.91,409.42,2863400,0
5/6/22 15:55,411.91,412.98,411.35,411.39,409.57,2969600,0
5/6/22 16:00,411.39,411.72,410.9,411.38,409.73,5057400,0
5/9/22 9:35,405.2,405.74,404.06,405.08,409.39,3513100,1
5/9/22 9:40,405.08,406.41,404.4,405.72,409.12,3464600,0
5/9/22 9:45,405.7,405.91,404.45,405.49,408.85,2709900,0
5/9/22 9:50,405.49,405.49,403.27,404.01,408.47,2358600,1
5/9/22 9:55,404.03,406.05,403.52,405.78,408.24,2294400,0
5/9/22 10:00,405.78,405.88,404.47,405.18,407.98,1523000,0
5/9/22 10:05,405.18,405.46,403.88,404.49,407.68,1994200,0
5/9/22 10:10,404.49,404.83,402.93,402.98,407.27,1335800,1
5/9/22 10:15,402.99,404.87,402.96,404.31,406.99,1615700,0
5/9/22 10:20,404.33,404.91,403.35,403.64,406.66,1375800,0
5/9/22 10:25,403.64,404,402.66,402.69,406.27,1448300,0
5/9/22 10:30,402.69,403.33,402.26,402.46,405.89,1668400,1
5/9/22 10:35,402.45,402.81,401.86,402.6,405.54,1778200,0
5/9/22 10:40,402.58,402.73,401.19,401.24,405.11,1441300,1
5/9/22 10:45,401.24,402.57,401.21,402.38,404.79,1875700,1
5/9/22 10:50,402.38,403.13,402.17,402.61,404.5,1396400,0
5/9/22 10:55,402.61,403.04,401.31,401.32,404.14,1202800,0
5/9/22 11:00,401.32,402,400.72,400.96,403.76,1704300,1
5/9/22 11:05,400.96,401.69,400.73,401.28,403.43,1762800,0
5/9/22 11:10,401.28,401.28,400.41,401.17,403.12,1885000,0
5/9/22 11:15,401.13,401.74,400.59,400.92,402.81,983100,1
5/9/22 11:20,400.92,401.81,400.84,401.11,402.55,1384200,0
5/9/22 11:25,401.11,401.15,400.35,400.57,402.28,1226600,0
5/9/22 11:30,400.56,400.64,399.9,400.13,402.01,1859500,1
5/9/22 11:35,400.13,400.47,399.34,400.35,401.8,2338100,1
5/9/22 11:40,400.35,401.59,400.13,401.58,401.71,1793000,0
5/9/22 11:45,401.58,402.14,401.06,401.46,401.62,1445100,0
5/9/22 11:50,401.46,401.97,401.17,401.39,401.54,864900,1
5/9/22 11:55,401.39,402.33,401.36,402.14,401.53,1381600,0
5/9/22 12:00,402.14,402.51,401.59,401.9,401.51,998300,0
5/9/22 12:05,401.9,401.92,400.64,400.92,401.42,1128000,1
5/9/22 12:10,400.92,403.15,400.8,402.41,401.46,1523200,1
5/9/22 12:15,402.41,403.57,402.41,403.34,401.58,1338000,1
5/9/22 12:20,403.32,404.15,403.27,403.55,401.72,1469800,1
5/9/22 12:25,403.55,404.04,402.92,403.69,401.87,1182000,0
5/9/22 12:30,403.69,403.99,402.63,403.2,401.98,883200,1
5/9/22 12:35,403.19,403.91,402.57,403.4,402.1,1024400,0
5/9/22 12:40,403.4,403.41,401.77,401.79,402.1,1096900,0
5/9/22 12:45,401.78,402.16,401.47,401.59,402.08,801000,0
5/9/22 12:50,401.59,401.68,401.08,401.36,402.05,915900,0
5/9/22 12:55,401.36,401.4,400.77,400.88,401.98,755400,0
5/9/22 13:00,400.88,401.25,400.68,400.72,401.9,712700,0
5/9/22 13:05,400.72,401.08,400.4,400.54,401.82,787300,1
5/9/22 13:10,400.54,400.91,400.41,400.68,401.74,743200,0
5/9/22 13:15,400.68,400.68,400.1,400.23,401.63,898100,1
5/9/22 13:20,400.23,401.17,400.13,400.91,401.58,921200,0
5/9/22 13:25,400.91,400.91,400.25,400.58,401.5,785700,1
5/9/22 13:30,400.58,401.82,400.56,401.58,401.5,1301200,0
5/9/22 13:35,401.58,401.96,400.29,400.34,401.41,1342000,0
5/9/22 13:40,400.32,400.4,399.83,400.23,401.3,1031400,1
5/9/22 13:45,400.22,401.68,400.12,401.49,401.29,1084600,0
5/9/22 13:50,401.49,401.86,400.81,400.96,401.24,980500,0
5/9/22 13:55,400.96,401.1,399.41,399.78,401.1,1379000,1
5/9/22 14:00,399.78,400.96,399.63,400.54,401.02,1025300,1
5/9/22 14:05,400.54,401.32,400.48,400.85,400.98,1032400,0
5/9/22 14:10,400.85,401.18,400.04,400.41,400.9,898200,1
5/9/22 14:15,400.43,401.15,400.11,400.42,400.82,798800,1
5/9/22 14:20,400.4,401.56,400.4,401.39,400.83,941500,0
5/9/22 14:25,401.39,401.43,400.02,400.19,400.75,817700,0
5/9/22 14:30,400.19,400.33,399.61,400.1,400.67,1328200,0
5/9/22 14:35,400.09,400.23,399.11,399.77,400.58,1485600,1
5/9/22 14:40,399.77,400.75,399.63,399.97,400.51,1618700,0
5/9/22 14:45,399.97,400.39,399.71,399.97,400.46,1044400,1
5/9/22 14:50,399.96,401.14,399.91,400.03,400.41,1615200,1
5/9/22 14:55,400.03,400.94,399.34,400.6,400.41,1468900,1
5/9/22 15:00,400.59,401.62,400.58,401.27,400.47,1432900,0
5/9/22 15:05,401.27,402.28,400.81,401.06,400.51,1977300,1
5/9/22 15:10,401.06,402.42,400.78,401.12,400.55,1702300,1
5/9/22 15:15,401.12,402.51,401,402.35,400.69,1878100,0
5/9/22 15:20,402.33,402.58,400.1,401.43,400.75,1331400,0
5/9/22 15:25,401.41,401.41,399.84,399.97,400.69,1340700,0
5/9/22 15:30,399.96,400.16,399.24,399.69,400.62,1561900,0
5/9/22 15:35,399.69,399.69,398.67,399.27,400.52,2068100,1
5/9/22 15:40,399.27,399.62,398.75,399.33,400.42,1922400,0
5/9/22 15:45,399.33,399.41,398.3,398.5,400.27,2636600,0
5/9/22 15:50,398.5,398.79,397.37,397.68,400.06,2963700,0
5/9/22 15:55,397.67,397.84,396.5,397.36,399.84,5349200,1
5/9/22 16:00,397.36,398.99,397.34,398.23,399.69,8000400,1
5/10/22 9:35,404.5,406.08,404.46,404.76,400.05,3724300,0
5/10/22 9:40,404.77,404.77,403.44,404.34,400.37,2283400,0
5/10/22 9:45,404.34,404.43,403.31,403.42,400.6,1330300,0
5/10/22 9:50,403.42,403.42,401.9,402.11,400.73,1755000,1
5/10/22 9:55,402.11,403.2,401.85,402.9,400.91,1667900,1
5/10/22 10:00,402.9,404.16,402.7,404.14,401.18,1827900,1
5/10/22 10:05,404.16,404.54,403.17,404.41,401.46,1552500,0
5/10/22 10:10,404.41,405.04,403.95,404.09,401.7,1356400,0
5/10/22 10:15,404.09,404.74,402.97,403.39,401.88,1321900,1
5/10/22 10:20,403.36,404.26,403.25,403.7,402.06,1052800,0
5/10/22 10:25,403.7,404.19,402.32,403.03,402.19,1117400,0
5/10/22 10:30,403.03,403.14,401.86,402.46,402.26,1287700,0
5/10/22 10:35,402.51,402.79,401.56,401.95,402.29,1178700,0
5/10/22 10:40,401.95,402.01,400.76,400.85,402.23,1040300,0
5/10/22 10:45,400.85,400.95,399.9,400.77,402.16,1467100,0
5/10/22 10:50,400.77,400.77,398.86,399.22,401.98,1856300,1
5/10/22 10:55,399.2,399.99,398.34,399.79,401.85,1953500,0
5/10/22 11:00,399.78,399.87,398.84,398.95,401.66,1325800,0
5/10/22 11:05,398.95,399.86,397.91,398.35,401.43,1663200,0
5/10/22 11:10,398.35,398.42,396.97,397.12,401.1,1770800,0
5/10/22 11:15,397.11,397.69,396.49,396.51,400.74,1923500,1
5/10/22 11:20,396.51,398.21,396.16,398.15,400.51,2038900,0
5/10/22 11:25,398.15,398.23,396.66,396.83,400.18,1569300,1
5/10/22 11:30,396.82,397.4,395.9,397.34,399.9,1606800,0
5/10/22 11:35,397.34,397.72,395.92,396.81,399.57,1594000,1
5/10/22 11:40,396.81,398.8,396.72,398.63,399.38,1274200,0
5/10/22 11:45,398.63,398.98,397.46,398.02,399.17,1381400,0
5/10/22 11:50,398.01,398.07,396.81,397,398.9,967400,1
5/10/22 11:55,396.98,397.18,396.05,397.1,398.66,1035700,1
5/10/22 12:00,397.1,397.88,395.77,397.41,398.46,1616700,1
5/10/22 12:05,397.41,398.49,397.02,398.45,398.35,1440000,0
5/10/22 12:10,398.44,398.5,396.37,396.49,398.11,1169800,1
5/10/22 12:15,396.49,397.62,396.13,396.88,397.92,1113500,0
5/10/22 12:20,396.88,397.81,396.38,396.43,397.72,719900,0
5/10/22 12:25,396.4,396.92,396.02,396.25,397.53,826600,1
5/10/22 12:30,396.25,396.83,396.02,396.39,397.38,815100,0
5/10/22 12:35,396.39,396.95,394.82,395.33,397.16,1653600,1
5/10/22 12:40,395.32,396.15,395.18,395.49,396.97,953800,1
5/10/22 12:45,395.49,396.55,395.25,396.33,396.88,953900,1
5/10/22 12:50,396.33,397.65,396.14,397.07,396.85,1353700,0
5/10/22 12:55,397.02,397.03,395.62,395.83,396.73,869500,1
5/10/22 13:00,395.79,396.36,395.62,395.95,396.64,653000,1
5/10/22 13:05,395.95,397.53,395.63,397.16,396.65,1290300,1
5/10/22 13:10,397.16,398.03,397.11,397.58,396.7,1190100,0
5/10/22 13:15,397.58,397.75,396.64,397.13,396.72,1147100,0
5/10/22 13:20,397.13,397.57,396.27,396.69,396.7,866200,1
5/10/22 13:25,396.69,397.19,396.1,396.9,396.7,986400,1
5/10/22 13:30,396.9,398.57,396.9,398.52,396.83,1215000,1
5/10/22 13:35,398.49,399.53,398.49,399.48,397.03,1538200,1
5/10/22 13:40,399.47,400.75,399.47,400.65,397.31,1841700,1
5/10/22 13:45,400.65,401.82,400.56,401.33,397.63,1569200,1
5/10/22 13:50,401.33,402.55,401.29,402.45,398.03,1333100,0
5/10/22 13:55,402.45,402.67,401.68,402.36,398.4,1224300,1
5/10/22 14:00,402.36,403.14,402.06,403.07,398.82,999700,0
5/10/22 14:05,403.07,403.26,402.28,402.96,399.21,1453100,0
5/10/22 14:10,403.02,403.18,401.85,401.91,399.5,1316100,1
5/10/22 14:15,401.91,403.11,401.66,402.87,399.85,1008500,0
5/10/22 14:20,402.86,402.95,400.47,401.88,400.11,1437800,0
5/10/22 14:25,401.88,402.36,400.85,401.06,400.29,1033000,0
5/10/22 14:30,401.06,401.25,399.88,400.71,400.43,1675600,0
5/10/22 14:35,400.71,401.06,400.25,400.58,400.54,821800,1
5/10/22 14:40,400.57,401.48,400.5,400.65,400.65,959800,1
5/10/22 14:45,400.65,402.32,399.97,402.07,400.85,1096100,0
5/10/22 14:50,402.07,402.2,400.27,401.2,400.97,1031400,1
5/10/22 14:55,401.2,401.83,400.76,401.64,401.1,911300,0
5/10/22 15:00,401.64,401.79,400.18,401.33,401.19,1215600,1
5/10/22 15:05,401.33,402.14,400.84,401.62,401.29,1694900,0
5/10/22 15:10,401.62,402.78,401.37,401.54,401.37,1115200,1
5/10/22 15:15,401.54,402.25,401.24,401.68,401.44,908100,1
5/10/22 15:20,401.66,402.33,400.94,401.74,401.51,1088100,0
5/10/22 15:25,401.74,401.89,400.09,400.3,401.45,1148400,0
5/10/22 15:30,400.3,400.52,399.37,399.77,401.34,1413900,0
5/10/22 15:35,399.77,399.79,398.77,399.39,401.19,1790900,0
5/10/22 15:40,399.39,399.68,398.26,398.72,400.98,1546800,0
5/10/22 15:45,398.7,398.86,398.2,398.41,400.76,1611900,1
5/10/22 15:50,398.41,399.66,398.08,399.09,400.59,2381100,1
5/10/22 15:55,399.07,399.61,398.28,399.38,400.45,4483100,0
5/10/22 16:00,399.37,399.54,398.61,399.08,400.3,5123600,0
5/11/22 9:35,397.99,399.69,395.22,397.13,400.01,4177300,1
5/11/22 9:40,397.12,397.82,396.21,397.25,399.75,2763700,1
5/11/22 9:45,397.2,400.59,396.57,400.47,399.75,2991100,1
5/11/22 9:50,400.47,402.83,399.82,402.31,399.9,2570900,1
5/11/22 9:55,402.33,403.17,401.69,402.4,400.06,2574800,0
5/11/22 10:00,402.4,402.4,400.61,402.26,400.2,1824400,0
5/11/22 10:05,402.26,402.46,400.8,402.15,400.33,2214600,0
5/11/22 10:10,402.17,402.25,399.86,400.03,400.3,1704600,1
5/11/22 10:15,400.08,401.77,399.6,401.02,400.34,2344400,1
5/11/22 10:20,401.04,401.88,400.29,401.65,400.43,1675900,1
5/11/22 10:25,401.65,403.42,401.1,402.98,400.63,2397300,0
5/11/22 10:30,402.98,403.3,401.94,402.68,400.79,1406000,0
5/11/22 10:35,402.68,403.08,401.37,401.93,400.9,1072400,1
5/11/22 10:40,401.93,403.54,401.2,403.14,401.09,1505400,1
5/11/22 10:45,403.13,403.91,402.81,403.77,401.33,1233100,0
5/11/22 10:50,403.77,404.04,402.51,402.76,401.48,1073900,0
5/11/22 10:55,402.71,402.75,400.79,401.46,401.54,1358800,0
5/11/22 11:00,401.46,401.87,400.82,401.45,401.59,1122200,0
5/11/22 11:05,401.45,401.66,400.35,401.09,401.61,1114400,0
5/11/22 11:10,401.09,401.32,400.38,400.67,401.59,802400,1
5/11/22 11:15,400.69,401.76,400.49,401.54,401.64,748900,0
5/11/22 11:20,401.55,401.75,399.56,400.04,401.56,1175200,1
5/11/22 11:25,400.04,401.33,399.93,401.09,401.56,995300,1
5/11/22 11:30,401.07,402.03,400.66,401.91,401.61,1242400,1
5/11/22 11:35,401.93,402.43,401.44,401.95,401.67,1001400,1
5/11/22 11:40,401.96,403.8,401.52,403.14,401.8,1325000,0
5/11/22 11:45,403.14,403.63,402.75,402.89,401.89,916300,0
5/11/22 11:50,402.89,403.08,402.05,402.24,401.92,646200,0
5/11/22 11:55,402.22,402.36,401.25,401.57,401.89,745600,0
5/11/22 12:00,401.57,401.61,400.84,401.39,401.85,580200,0
5/11/22 12:05,401.34,401.4,400.45,400.82,401.77,664200,0
5/11/22 12:10,400.82,401.44,400.59,400.65,401.68,614400,0
5/11/22 12:15,400.65,400.88,399.96,400.55,401.59,991100,0
5/11/22 12:20,400.53,400.84,399.85,399.91,401.45,709000,1
5/11/22 12:25,399.91,401.68,399.77,401.45,401.43,981900,0
5/11/22 12:30,401.45,401.62,398.7,398.86,401.21,1387200,0
5/11/22 12:35,398.84,399.13,398.34,398.78,400.99,1395100,1
5/11/22 12:40,398.78,399.55,398.66,399.03,400.81,1192300,0
5/11/22 12:45,399.03,399.75,398.1,398.47,400.59,1003900,1
5/11/22 12:50,398.48,398.93,398,398.8,400.42,1122300,0
5/11/22 12:55,398.81,398.84,397.53,397.56,400.16,807500,0
5/11/22 13:00,397.56,397.77,396.83,396.98,399.87,1247600,0
5/11/22 13:05,396.98,397.1,396.3,396.38,399.56,1504100,0
5/11/22 13:10,396.38,396.5,395.65,396.05,399.23,1866700,1
5/11/22 13:15,396.05,396.76,395.93,396.18,398.93,1018600,1
5/11/22 13:20,396.18,396.91,396.17,396.3,398.65,845100,1
5/11/22 13:25,396.3,396.97,395.51,396.73,398.42,1211800,0
5/11/22 13:30,396.75,397.03,395.47,395.61,398.11,1162800,1
5/11/22 13:35,395.61,396.31,395.27,396,397.85,1215500,0
5/11/22 13:40,396,396.4,394.92,394.98,397.53,1016400,0
5/11/22 13:45,394.98,395.09,394.57,394.63,397.21,1150300,0
5/11/22 13:50,394.63,394.66,393.76,394.54,396.9,1764400,0
5/11/22 13:55,394.54,394.94,393.98,394.27,396.6,1206800,0
5/11/22 14:00,394.26,394.69,393.25,393.52,396.27,1637000,1
5/11/22 14:05,393.52,395.34,393.44,395.34,396.1,1970800,0
5/11/22 14:10,395.32,395.46,394.25,394.32,395.87,1076200,1
5/11/22 14:15,394.31,395.08,393.92,395.02,395.71,827000,1
5/11/22 14:20,395.02,395.93,394.59,395.44,395.61,1461600,1
5/11/22 14:25,395.45,396.46,394.58,396.29,395.59,1411000,0
5/11/22 14:30,396.3,397.34,395.7,396,395.55,1889900,1
5/11/22 14:35,396,397.04,395.35,397,395.61,1579200,0
5/11/22 14:40,397.03,397.39,396.45,396.97,395.67,1131900,1
5/11/22 14:45,396.98,397.98,396.17,397.9,395.81,1413500,0
5/11/22 14:50,397.9,398.16,396.4,396.6,395.85,1247100,0
5/11/22 14:55,396.6,396.86,395.34,395.63,395.82,1125400,0
5/11/22 15:00,395.62,396.07,395.17,395.33,395.78,935500,0
5/11/22 15:05,395.33,395.52,394.56,394.61,395.7,1294200,1
5/11/22 15:10,394.58,395.32,394.18,395.18,395.66,1170600,0
5/11/22 15:15,395.14,395.75,394.55,394.81,395.6,1266400,1
5/11/22 15:20,394.81,395.5,393.93,394.94,395.55,1534100,0
5/11/22 15:25,394.95,395.23,394.24,394.41,395.46,1404500,1
5/11/22 15:30,394.41,395.42,394.31,394.69,395.4,1149700,0
5/11/22 15:35,394.69,395.22,394.25,394.39,395.33,1559500,0
5/11/22 15:40,394.39,394.43,393.19,393.33,395.18,2228900,1
5/11/22 15:45,393.3,393.81,393.09,393.37,395.04,1944700,0
5/11/22 15:50,393.37,393.37,392.4,392.48,394.83,3019400,0
5/11/22 15:55,392.45,392.96,391.96,392.46,394.63,4241600,1
5/11/22 16:00,392.45,392.83,392.08,392.77,394.46,5198100,0
5/12/22 9:35,389.58,390.65,387.96,387.99,393.93,4084100,0
5/12/22 9:40,387.99,388.91,387.11,387.38,393.37,2536900,1
5/12/22 9:45,387.38,389.46,386.92,389.05,392.96,2423200,1
5/12/22 9:50,389.06,391.28,388.4,389.59,392.61,2374500,1
5/12/22 9:55,389.59,390.59,388.66,390.05,392.31,1805100,0
5/12/22 10:00,390.05,390.05,387.94,388.6,391.91,2021200,0
5/12/22 10:05,388.6,388.68,387.33,388.38,391.52,1819200,1
5/12/22 10:10,388.38,391.4,388.3,391.05,391.37,1768200,1
5/12/22 10:15,391.05,392.75,390.7,391.85,391.29,2760900,0
5/12/22 10:20,391.85,392.36,390.77,391.64,391.21,1708100,1
5/12/22 10:25,391.64,393.74,391.21,393.28,391.27,1891400,0
5/12/22 10:30,393.26,393.42,391.59,391.99,391.25,1651400,0
5/12/22 10:35,392.04,392.7,390.79,391.31,391.19,1543800,1
5/12/22 10:40,391.31,392.56,390.89,392.41,391.22,1202100,0
5/12/22 10:45,392.42,392.5,390.78,391.26,391.17,1270300,1
5/12/22 10:50,391.27,392.48,390.87,392,391.19,959500,1
5/12/22 10:55,392,393.38,391.91,393.29,391.32,1036000,1
5/12/22 11:00,393.29,394.24,393.07,394.02,391.51,1480800,1
5/12/22 11:05,394.02,394.7,393.01,394.66,391.75,1588100,1
5/12/22 11:10,394.66,395.61,393.91,395.59,392.06,1261400,0
5/12/22 11:15,395.6,395.8,394.04,394.08,392.25,1275800,0
5/12/22 11:20,394.08,394.29,393.43,393.89,392.42,909000,0
5/12/22 11:25,393.89,394.18,392.72,392.89,392.52,893200,1
5/12/22 11:30,392.93,393.52,392.58,392.99,392.62,806500,0
5/12/22 11:35,393.01,393.35,391.42,391.96,392.64,1239600,1
5/12/22 11:40,391.96,392.83,391.59,392.74,392.73,1122500,0
5/12/22 11:45,392.74,392.77,391.34,391.41,392.69,1129700,0
5/12/22 11:50,391.41,391.55,390.28,390.35,392.57,1100500,0
5/12/22 11:55,390.35,390.35,389.17,389.63,392.38,1410700,0
5/12/22 12:00,389.62,389.71,388.66,388.7,392.12,1426400,1
5/12/22 12:05,388.7,389.01,388.16,388.96,391.89,1590600,1
5/12/22 12:10,388.95,389.45,388.41,389.19,391.67,1103600,0
5/12/22 12:15,389.19,389.71,388.27,389.15,391.45,993200,1
5/12/22 12:20,389.13,389.58,388.26,389.2,391.23,994200,1
5/12/22 12:25,389.2,390.07,388.7,389.92,391.09,907600,1
5/12/22 12:30,389.92,390.83,389.72,390.51,390.99,1126200,1
5/12/22 12:35,390.51,391.81,390.44,391.65,390.98,907800,0
5/12/22 12:40,391.65,391.94,390.97,390.97,390.93,911900,1
5/12/22 12:45,390.97,392.09,389.79,392.09,390.96,1180800,0
5/12/22 12:50,392.09,392.36,390.95,391.29,390.94,815100,0
5/12/22 12:55,391.24,391.65,390.64,391.22,390.9,743800,0
5/12/22 13:00,391.22,391.82,390.27,390.47,390.82,584400,0
5/12/22 13:05,390.47,391.1,389.58,389.75,390.68,866500,0
5/12/22 13:10,389.76,389.97,389.16,389.62,390.55,686900,1
5/12/22 13:15,389.62,390.6,389.34,389.68,390.44,653800,0
5/12/22 13:20,389.68,390.33,388.82,389.04,390.3,739200,1
5/12/22 13:25,389.04,389.91,388.88,389.31,390.19,552100,1
5/12/22 13:30,389.31,389.6,388.67,389.34,390.1,441800,0
5/12/22 13:35,389.34,389.76,388.25,388.64,389.97,771800,0
5/12/22 13:40,388.65,388.98,387.72,387.85,389.79,811500,0
5/12/22 13:45,387.85,388.06,387.52,387.67,389.61,713300,0
5/12/22 13:50,387.67,387.87,386.54,386.59,389.36,1012000,1
5/12/22 13:55,386.59,387.05,386.54,386.73,389.13,861800,1
5/12/22 14:00,386.73,387.64,386.34,387.04,388.95,1062400,1
5/12/22 14:05,387.04,387.96,386.84,387.55,388.8,1300600,0
5/12/22 14:10,387.55,387.57,386.06,386.1,388.56,991300,1
5/12/22 14:15,386.1,386.77,386.02,386.66,388.36,785100,1
5/12/22 14:20,386.64,387.33,386.34,387.19,388.21,763600,0
5/12/22 14:25,387.19,387.76,386.37,386.68,388.03,744200,1
5/12/22 14:30,386.67,387.34,386.25,386.96,387.88,1353300,0
5/12/22 14:35,386.96,387.17,385.66,386.22,387.68,1235000,0
5/12/22 14:40,386.22,386.24,385.38,385.52,387.43,980400,1
5/12/22 14:45,385.52,385.87,385.16,385.62,387.22,967800,0
5/12/22 14:50,385.61,386.32,385.49,385.57,387.02,1039100,1
5/12/22 14:55,385.58,386.47,385.15,385.86,386.86,1004000,0
5/12/22 15:00,385.86,386.17,385.38,385.73,386.71,779300,1
5/12/22 15:05,385.73,387.01,385.48,386.91,386.66,1385200,0
5/12/22 15:10,386.96,387.08,385.8,386.2,386.57,952100,1
5/12/22 15:15,386.22,386.29,385.37,386.23,386.5,1128800,1
5/12/22 15:20,386.23,388.16,386.17,387.88,386.56,1922800,1
5/12/22 15:25,387.88,389.92,387.67,389.34,386.74,3082600,0
5/12/22 15:30,389.34,390.35,388.05,388.17,386.83,2480100,1
5/12/22 15:35,388.17,389.98,388.09,389.1,386.99,1820400,1
5/12/22 15:40,389.06,389.88,388.43,389.78,387.21,1660600,0
5/12/22 15:45,389.78,390.8,388.99,389.53,387.4,2084100,0
5/12/22 15:50,389.53,390.46,389.11,389.47,387.59,1828800,1
5/12/22 15:55,389.47,391.55,389.47,390.36,387.83,4733500,1
5/12/22 16:00,390.36,392.58,390.15,392.39,388.23,4451500,1
5/13/22 9:35,396.73,397.32,396.16,396.2,388.89,2800200,1
5/13/22 9:40,396.19,397.53,395.61,396.92,389.59,1992600,1
5/13/22 9:45,396.92,397.68,396.27,397.6,390.31,1390700,0
5/13/22 9:50,397.6,397.97,396.73,397.1,390.95,1174100,1
5/13/22 9:55,397.1,399.07,397.1,398.93,391.7,1643200,0
5/13/22 10:00,398.94,399.04,398.21,398.64,392.4,1215700,1
5/13/22 10:05,398.64,399.98,398.46,399.74,393.14,2425400,0
5/13/22 10:10,399.74,399.9,399.07,399.73,393.84,1821200,1
5/13/22 10:15,399.73,400.22,399.29,399.76,394.51,1859700,1
5/13/22 10:20,399.76,399.97,399.22,399.87,395.13,1311000,1
5/13/22 10:25,399.87,401.19,399.8,401.12,395.81,1523800,0
5/13/22 10:30,401.12,401.49,400.86,400.98,396.44,1424800,1
5/13/22 10:35,400.97,401.35,400.87,401.28,397.03,1048600,0
5/13/22 10:40,401.28,401.45,400.75,401.08,397.57,935500,0
5/13/22 10:45,401.08,401.17,399.95,399.98,397.97,1120100,1
5/13/22 10:50,399.98,400.48,399.35,400.14,398.35,1248100,1
5/13/22 10:55,400.14,401.11,400,401.1,398.76,774400,0
5/13/22 11:00,401.11,401.31,400.69,400.89,399.11,811700,0
5/13/22 11:05,400.89,401.03,400.26,400.6,399.4,942100,1
5/13/22 11:10,400.6,401.15,400.57,401.02,399.69,630000,0
5/13/22 11:15,401.02,401.19,400.74,400.99,399.94,817600,0
5/13/22 11:20,400.99,400.99,400.28,400.56,400.12,816000,1
5/13/22 11:25,400.55,401.44,400.52,401.2,400.31,802000,1
5/13/22 11:30,401.2,401.63,400.98,401.55,400.5,1019000,0
5/13/22 11:35,401.56,401.75,401.05,401.4,400.64,834100,1
5/13/22 11:40,401.42,401.79,401.23,401.62,400.77,706600,0
5/13/22 11:45,401.62,401.69,400.79,401.25,400.85,802900,0
5/13/22 11:50,401.26,401.27,400.8,401.01,400.91,547000,1
5/13/22 11:55,401.01,401.67,400.91,401.62,400.99,571700,0
5/13/22 12:00,401.6,401.7,401.35,401.57,401.07,507100,1
5/13/22 12:05,401.58,402.05,401.44,402,401.16,644100,1
5/13/22 12:10,402,402.71,401.99,402.71,401.3,894400,1
5/13/22 12:15,402.71,403.18,402.48,402.91,401.45,885100,0
5/13/22 12:20,402.92,403.03,402.51,402.53,401.56,880700,0
5/13/22 12:25,402.53,402.67,402.1,402.29,401.64,810600,0
5/13/22 12:30,402.3,402.3,401.77,402.25,401.71,600600,1
5/13/22 12:35,402.25,402.77,402.24,402.5,401.79,704100,1
5/13/22 12:40,402.48,402.66,402.41,402.55,401.88,502500,0
5/13/22 12:45,402.55,402.78,402.33,402.39,401.95,501400,0
5/13/22 12:50,402.39,402.46,401.78,401.81,401.97,671800,0
5/13/22 12:55,401.8,401.82,400.69,401.19,401.93,949600,1
5/13/22 13:00,401.19,401.79,401.19,401.76,401.94,572000,1
5/13/22 13:05,401.76,402.17,401.55,401.89,401.96,596500,0
5/13/22 13:10,401.9,401.91,401.21,401.38,401.93,725200,1
5/13/22 13:15,401.38,401.7,401.09,401.54,401.91,811400,0
5/13/22 13:20,401.55,401.55,400.89,401.04,401.86,674800,1
5/13/22 13:25,401.05,401.31,400.6,401.29,401.82,785200,0
5/13/22 13:30,401.29,401.56,400.84,400.88,401.75,700000,1
5/13/22 13:35,400.88,401.33,400.77,401.27,401.71,592600,0
5/13/22 13:40,401.27,401.3,400.58,400.62,401.62,747500,0
5/13/22 13:45,400.62,400.65,399.91,400.12,401.49,1090200,1
5/13/22 13:50,400.1,400.39,399.68,400.33,401.39,733700,0
5/13/22 13:55,400.31,400.42,399.78,400.01,401.26,691500,0
5/13/22 14:00,400.01,400.04,399.12,399.35,401.09,1175200,0
5/13/22 14:05,399.35,399.35,397.48,397.71,400.79,1762700,1
5/13/22 14:10,397.69,398.48,397.18,398.33,400.56,1659900,0
5/13/22 14:15,398.33,398.76,397.92,398.01,400.31,960700,1
5/13/22 14:20,398.01,398.71,397.72,398.71,400.13,757500,0
5/13/22 14:25,398.71,398.76,397.65,397.97,399.91,729900,1
5/13/22 14:30,397.97,398.25,397.54,398.14,399.71,790500,1
5/13/22 14:35,398.14,399.71,398.11,398.89,399.59,1350400,0
5/13/22 14:40,398.9,399.06,398.25,398.63,399.45,670900,1
5/13/22 14:45,398.61,399.32,398.37,399.17,399.37,680900,0
5/13/22 14:50,399.18,399.24,398.35,398.74,399.27,656000,1
5/13/22 14:55,398.74,400.53,398.62,400.53,399.31,1057600,1
5/13/22 15:00,400.53,400.6,400.16,400.55,399.36,883900,0
5/13/22 15:05,400.56,400.99,400.32,400.35,399.4,829200,1
5/13/22 15:10,400.35,401.22,400.35,401.18,399.5,758700,1
5/13/22 15:15,401.19,401.75,401.06,401.72,399.65,813800,1
5/13/22 15:20,401.72,402.14,401.36,401.87,399.81,902100,1
5/13/22 15:25,401.88,402.14,401.44,401.97,399.98,1081000,1
5/13/22 15:30,401.97,402.42,401.68,402.37,400.17,913100,0
5/13/22 15:35,402.37,402.55,400.66,400.82,400.24,1530000,1
5/13/22 15:40,400.79,401.59,400.27,400.96,400.32,1613300,1
5/13/22 15:45,400.96,401.81,400.85,401.55,400.45,2006000,0
5/13/22 15:50,401.55,401.98,400.6,401.18,400.55,1808600,0
5/13/22 15:55,401.18,401.66,399.88,400.96,400.62,3117800,1
5/13/22 16:00,400.96,401.77,400.54,401.69,400.76,4256900,0
5/16/22 9:35,400.04,400.88,399.43,399.97,400.75,2184400,1
5/16/22 9:40,399.99,401.09,399.16,401.07,400.83,1604700,0
5/16/22 9:45,401.07,401.29,399.43,399.54,400.77,1434000,0
5/16/22 9:50,399.54,399.79,397.71,398.03,400.6,1710500,1
5/16/22 9:55,398.03,399.31,397.6,399.02,400.51,1410200,0
5/16/22 10:00,399.02,399.53,398.38,398.72,400.39,797500,0
5/16/22 10:05,398.72,398.99,397.65,398.6,400.26,905700,1
5/16/22 10:10,398.6,400.1,398.4,400.04,400.23,1255600,0
5/16/22 10:15,400.04,400.83,399.68,400,400.21,1089000,1
5/16/22 10:20,399.98,401.02,399.91,400.64,400.22,701100,1
5/16/22 10:25,400.64,401.33,400.57,400.85,400.25,890900,1
5/16/22 10:30,400.81,401.79,400.29,401.59,400.33,1013200,0
5/16/22 10:35,401.59,401.75,399.81,400.09,400.29,942100,1
5/16/22 10:40,400.09,400.58,399.87,400.44,400.28,754000,0
5/16/22 10:45,400.42,400.48,399.55,400.23,400.25,722700,0
5/16/22 10:50,400.23,400.23,398.89,398.98,400.13,731900,0
5/16/22 10:55,398.98,399.32,398.63,398.87,400.01,559000,0
5/16/22 11:00,398.87,398.99,398.36,398.52,399.87,733400,1
5/16/22 11:05,398.54,398.85,398.08,398.62,399.75,803800,1
5/16/22 11:10,398.6,399.16,397.98,399.06,399.67,1191800,0
5/16/22 11:15,399.08,399.34,398.67,398.95,399.59,743100,1
5/16/22 11:20,398.95,399.82,398.82,399.44,399.56,646800,0
5/16/22 11:25,399.44,399.49,398.78,399.2,399.51,535300,0
5/16/22 11:30,399.2,399.3,398.73,399.1,399.46,435800,1
5/16/22 11:35,399.1,399.68,398.52,399.67,399.47,626300,1
5/16/22 11:40,399.65,399.99,398.32,399.86,399.49,692600,1
5/16/22 11:45,399.86,400.6,399.08,400.52,399.56,722100,1
5/16/22 11:50,400.52,400.95,400.25,400.82,399.66,835700,1
5/16/22 11:55,400.83,401.45,400.36,401.44,399.8,836700,0
5/16/22 12:00,401.44,401.71,401.15,401.43,399.93,561200,1
5/16/22 12:05,401.43,402.08,401.23,401.56,400.07,638300,0
5/16/22 12:10,401.56,401.58,400.61,400.92,400.14,726200,0
5/16/22 12:15,400.92,401.04,400.49,400.58,400.18,455300,0
5/16/22 12:20,400.58,400.73,400.04,400.48,400.22,363300,0
5/16/22 12:25,400.46,400.57,399.93,400.15,400.22,280500,1
5/16/22 12:30,400.15,400.57,399.89,400.35,400.25,331000,1
5/16/22 12:35,400.36,400.77,400.03,400.54,400.28,556400,0
5/16/22 12:40,400.54,401.1,399.76,399.83,400.27,591600,0
5/16/22 12:45,399.83,399.99,399.51,399.67,400.25,315500,1
5/16/22 12:50,399.67,400.48,399.43,400.44,400.29,524200,0
5/16/22 12:55,400.46,400.56,399.56,399.71,400.27,590500,1
5/16/22 13:00,399.69,400,399.43,399.85,400.26,316600,1
5/16/22 13:05,399.85,400.17,399.34,400.16,400.27,373600,1
5/16/22 13:10,400.16,400.77,399.85,400.72,400.31,402400,1
5/16/22 13:15,400.72,401.5,400.5,401.26,400.4,539900,0
5/16/22 13:20,401.26,401.44,400.38,400.51,400.42,605500,1
5/16/22 13:25,400.51,401.91,400.39,401.55,400.51,590800,1
5/16/22 13:30,401.56,402.31,401.38,402.17,400.64,627500,1
5/16/22 13:35,402.17,402.58,402.17,402.39,400.79,696000,0
5/16/22 13:40,402.37,402.57,402.03,402.29,400.91,532200,1
5/16/22 13:45,402.27,402.81,401.63,402.44,401.04,703200,0
5/16/22 13:50,402.44,402.49,401.79,401.89,401.12,511300,1
5/16/22 13:55,401.89,402.3,401.71,401.93,401.2,412500,1
5/16/22 14:00,401.94,402.35,401.78,402,401.28,476600,1
5/16/22 14:05,402,402.38,401.49,402.32,401.38,613000,1
5/16/22 14:10,402.32,403.04,402.26,402.89,401.52,840500,0
5/16/22 14:15,402.89,402.89,402.18,402.48,401.63,494900,0
5/16/22 14:20,402.44,402.82,402.15,402.48,401.73,603100,1
5/16/22 14:25,402.48,402.96,402.35,402.93,401.86,554800,1
5/16/22 14:30,402.93,403.63,402.65,403.55,402.03,915900,1
5/16/22 14:35,403.56,403.97,403.47,403.64,402.2,1150700,0
5/16/22 14:40,403.66,403.69,403.13,403.5,402.35,979900,0
5/16/22 14:45,403.5,403.81,403.09,403.17,402.46,862700,0
5/16/22 14:50,403.17,403.39,402.57,402.65,402.52,693600,1
5/16/22 14:55,402.65,403.12,402.32,402.72,402.58,586400,1
5/16/22 15:00,402.68,403.19,402.59,403,402.66,417700,1
5/16/22 15:05,403,403.15,402.57,403.05,402.72,496600,0
5/16/22 15:10,403.05,403.37,402.52,402.55,402.74,566700,0
5/16/22 15:15,402.55,402.55,401.33,401.55,402.68,1089600,0
5/16/22 15:20,401.55,401.85,400.96,401.35,402.59,823900,0
5/16/22 15:25,401.34,401.34,400.63,400.93,402.48,712500,1
5/16/22 15:30,400.96,401.26,400.8,401.01,402.37,624800,0
5/16/22 15:35,401.01,401.33,400.29,400.4,402.21,1220000,1
5/16/22 15:40,400.39,400.74,399.97,400.46,402.06,1206500,0
5/16/22 15:45,400.46,400.71,399.85,399.95,401.88,1073200,0
5/16/22 15:50,399.95,400.07,399.53,399.92,401.71,1545500,1
5/16/22 15:55,399.92,400.94,399.92,400.28,401.57,2277900,0
5/16/22 16:00,400.28,400.44,399.32,400.22,401.43,4437000,1
5/17/22 9:35,406.51,406.63,405.53,406.12,401.75,2096700,0
5/17/22 9:40,406.11,406.14,405.21,405.59,402.02,1567200,1
5/17/22 9:45,405.6,406.27,405.28,405.75,402.28,1828800,0
5/17/22 9:50,405.74,406.08,404.87,404.88,402.48,1076200,0
5/17/22 9:55,404.87,405.61,404.59,404.65,402.65,778100,1
5/17/22 10:00,404.65,405.27,404.4,405.2,402.85,921200,1
5/17/22 10:05,405.18,406.15,405.17,405.89,403.1,971900,0
5/17/22 10:10,405.89,406.05,404.79,404.89,403.26,807500,1
5/17/22 10:15,404.89,405.24,404.59,405.12,403.44,941600,1
5/17/22 10:20,405.13,405.72,404.94,405.65,403.66,595500,0
5/17/22 10:25,405.66,405.82,405.04,405.41,403.85,636500,0
5/17/22 10:30,405.4,405.62,404.12,404.23,403.94,708700,1
5/17/22 10:35,404.22,404.72,404.05,404.39,404.04,753900,0
5/17/22 10:40,404.39,404.41,403.59,403.72,404.08,870100,0
5/17/22 10:45,403.72,403.75,403.11,403.23,404.08,1032300,0
5/17/22 10:50,403.23,403.37,402.58,403.21,404.08,1106500,1
5/17/22 10:55,403.19,403.44,402.79,403.3,404.08,717700,1
5/17/22 11:00,403.3,403.84,403.16,403.79,404.11,919100,1
5/17/22 11:05,403.81,404.41,403.65,404.38,404.18,712800,0
5/17/22 11:10,404.39,404.48,404.01,404.25,404.23,562700,1
5/17/22 11:15,404.26,404.47,404.04,404.32,404.27,555700,1
5/17/22 11:20,404.3,404.67,403.73,404.47,404.31,765400,1
5/17/22 11:25,404.47,404.86,404.34,404.65,404.35,408100,1
5/17/22 11:30,404.65,405.36,404.59,405.19,404.42,541200,1
5/17/22 11:35,405.2,406,405.2,405.87,404.52,676800,0
5/17/22 11:40,405.87,406.03,405.56,405.66,404.6,553000,0
5/17/22 11:45,405.67,406.01,405.32,405.37,404.65,689400,0
5/17/22 11:50,405.38,405.58,405.01,405.16,404.68,624900,1
5/17/22 11:55,405.16,405.8,405.16,405.63,404.76,401000,0
5/17/22 12:00,405.63,405.63,405.25,405.46,404.81,371800,1
5/17/22 12:05,405.45,405.63,405.14,405.57,404.88,496400,0
5/17/22 12:10,405.55,405.56,404.62,405.06,404.9,566300,1
5/17/22 12:15,405.06,405.24,404.59,405.09,404.93,353700,1
5/17/22 12:20,405.09,405.8,404.99,405.47,404.99,439100,1
5/17/22 12:25,405.47,405.68,405.29,405.63,405.06,339500,1
5/17/22 12:30,405.63,406.18,405.46,405.85,405.14,595700,1
5/17/22 12:35,405.85,406.13,405.64,406.05,405.24,533700,1
5/17/22 12:40,406.05,406.34,406.01,406.11,405.34,492400,1
5/17/22 12:45,406.11,406.56,405.94,406.47,405.46,612600,1
5/17/22 12:50,406.46,406.92,406.36,406.52,405.58,790000,0
5/17/22 12:55,406.52,406.6,406.13,406.3,405.67,608800,0
5/17/22 13:00,406.3,406.34,406.03,406.24,405.74,385300,0
5/17/22 13:05,406.24,406.25,405.46,406.01,405.79,607800,1
5/17/22 13:10,406,406.63,405.96,406.41,405.86,489100,1
5/17/22 13:15,406.44,406.9,406.32,406.77,405.95,399100,1
5/17/22 13:20,406.77,407.15,406.77,406.96,406.05,575500,0
5/17/22 13:25,406.96,407.1,406.51,406.57,406.12,506900,0
5/17/22 13:30,406.57,406.88,406.39,406.46,406.16,500700,1
5/17/22 13:35,406.46,406.87,406.42,406.66,406.22,549500,1
5/17/22 13:40,406.66,406.94,406.46,406.78,406.28,357500,0
5/17/22 13:45,406.77,406.87,406.41,406.68,406.33,500100,1
5/17/22 13:50,406.68,406.78,406.29,406.76,406.39,425700,0
5/17/22 13:55,406.78,406.85,406.62,406.68,406.43,325900,0
5/17/22 14:00,406.68,406.82,406.16,406.31,406.44,646100,0
5/17/22 14:05,406.3,406.59,405.65,406.05,406.43,681300,1
5/17/22 14:10,406.05,407.5,406,407.26,406.51,1103200,0
5/17/22 14:15,407.28,407.3,404.73,405.4,406.45,1947400,0
5/17/22 14:20,405.4,405.88,404.84,405.27,406.37,1278800,0
5/17/22 14:25,405.25,405.26,403.5,404.58,406.23,2152300,1
5/17/22 14:30,404.58,405.44,404.22,404.74,406.12,1125600,0
5/17/22 14:35,404.74,405.3,404.09,404.21,405.96,1017300,1
5/17/22 14:40,404.15,405.58,403.75,405.55,405.91,900600,1
5/17/22 14:45,405.55,406.49,405.47,406.3,405.92,1184400,1
5/17/22 14:50,406.3,407.75,406.16,407.54,406.03,1136000,0
5/17/22 14:55,407.54,407.71,406.97,407.01,406.09,1155500,1
5/17/22 15:00,407,407.49,406.75,407.07,406.16,933400,1
5/17/22 15:05,407.1,408.06,406.98,407.86,406.28,1143400,1
5/17/22 15:10,407.86,408.57,407.46,407.91,406.4,1574900,0
5/17/22 15:15,407.89,407.89,407.39,407.73,406.51,690300,1
5/17/22 15:20,407.73,408.18,407.53,408.08,406.63,787600,0
5/17/22 15:25,408.08,408.37,407.71,407.96,406.75,805700,1
5/17/22 15:30,407.95,408.28,407.87,408.11,406.87,631400,0
5/17/22 15:35,408.1,408.38,407.62,407.96,406.97,1037300,0
5/17/22 15:40,407.96,408.17,407.52,407.59,407.04,833900,1
5/17/22 15:45,407.59,408.1,407.26,407.81,407.13,1170000,0
5/17/22 15:50,407.81,407.81,406.79,407.04,407.15,2030400,1
5/17/22 15:55,407.01,407.8,407,407.6,407.22,2004700,1
5/17/22 16:00,407.6,408.33,407.28,408.26,407.33,3580200,0
5/18/22 9:35,403.52,403.7,402.94,403.23,407.05,1627100,0
5/18/22 9:40,403.22,403.8,402.26,402.52,406.73,1464100,0
5/18/22 9:45,402.52,402.58,401.62,401.95,406.37,1181700,1
5/18/22 9:50,401.95,402.53,401.83,402.17,406.05,847900,0
5/18/22 9:55,402.18,402.35,401.5,401.85,405.71,877800,0
5/18/22 10:00,401.84,401.94,400.87,401.16,405.33,1072400,1
5/18/22 10:05,401.16,401.83,401.03,401.54,404.99,970500,0
5/18/22 10:10,401.53,402.12,401.03,401.08,404.62,925200,1
5/18/22 10:15,401.08,401.8,400.88,401.75,404.32,793000,0
5/18/22 10:20,401.73,401.99,401.24,401.43,404,649900,0
5/18/22 10:25,401.43,401.93,400.9,401.34,403.69,650100,0
5/18/22 10:30,401.34,401.75,400.44,400.45,403.33,712100,0
5/18/22 10:35,400.45,400.77,400.19,400.38,402.99,868000,1
5/18/22 10:40,400.38,400.44,399.93,400.43,402.67,1000900,0
5/18/22 10:45,400.43,400.62,400.04,400.41,402.37,718500,1
5/18/22 10:50,400.39,401.14,400.08,400.77,402.12,935400,0
5/18/22 10:55,400.78,400.79,400.18,400.33,401.86,561100,1
5/18/22 11:00,400.33,400.78,400.12,400.77,401.66,608600,0
5/18/22 11:05,400.76,400.76,399.76,399.89,401.41,758700,0
5/18/22 11:10,399.89,400.06,399.28,399.35,401.15,968000,0
5/18/22 11:15,399.35,399.35,398.64,399.01,400.88,607400,0
5/18/22 11:20,399.01,399.02,398.05,398.28,400.59,1120200,0
5/18/22 11:25,398.28,398.29,397.29,397.36,400.25,1144800,0
5/18/22 11:30,397.36,397.83,396.09,397.03,399.92,1354200,1
5/18/22 11:35,397.03,397.43,396.53,397.39,399.65,1310100,1
5/18/22 11:40,397.39,397.87,397.27,397.44,399.42,1012900,1
5/18/22 11:45,397.44,398.21,397.36,398.07,399.25,932100,0
5/18/22 11:50,398.07,398.11,397.16,397.52,399.05,988300,0
5/18/22 11:55,397.52,397.79,396.37,396.38,398.78,954200,1
5/18/22 12:00,396.38,396.92,396.29,396.5,398.54,924100,0
5/18/22 12:05,396.51,396.77,396.23,396.41,398.31,935900,0
5/18/22 12:10,396.41,396.45,395.69,395.96,398.06,930500,1
5/18/22 12:15,395.96,396.34,395.58,396.24,397.84,850600,1
5/18/22 12:20,396.24,396.79,396.13,396.31,397.65,711100,0
5/18/22 12:25,396.32,396.47,395.22,395.29,397.39,1006100,1
5/18/22 12:30,395.27,395.88,395.26,395.64,397.18,714900,1
5/18/22 12:35,395.64,396.13,395.34,396.06,397.02,687400,1
5/18/22 12:40,396.06,396.44,395.78,396.31,396.89,842000,0
5/18/22 12:45,396.31,396.31,395.66,395.78,396.74,716900,1
5/18/22 12:50,395.77,396.62,395.61,396.62,396.66,871000,1
5/18/22 12:55,396.61,397.06,396.53,396.99,396.62,1014300,1
5/18/22 13:00,396.99,397.16,396.57,397.05,396.6,634400,0
5/18/22 13:05,397.05,397.05,396.1,396.2,396.53,833200,0
5/18/22 13:10,396.2,396.2,394.82,394.92,396.37,1095500,0
5/18/22 13:15,394.92,395.08,394.44,394.55,396.19,1069200,0
5/18/22 13:20,394.55,394.65,393.95,394.05,396,1107800,1
5/18/22 13:25,394.05,394.73,394.05,394.25,395.83,1205700,1
5/18/22 13:30,394.25,394.51,393.94,394.37,395.68,752500,1
5/18/22 13:35,394.36,394.65,394.05,394.6,395.57,937000,1
5/18/22 13:40,394.6,394.94,394.42,394.78,395.47,966800,0
5/18/22 13:45,394.77,394.79,393.48,393.66,395.29,1078900,0
5/18/22 13:50,393.65,393.82,393,393.02,395.08,1142900,0
5/18/22 13:55,393.02,393.24,392.54,392.93,394.88,1342100,1
5/18/22 14:00,392.93,393.1,392.46,393.01,394.69,1246300,1
5/18/22 14:05,393.01,393.32,392.6,393.1,394.53,1328300,1
5/18/22 14:10,393.1,393.28,392.6,393.18,394.38,805500,0
5/18/22 14:15,393.18,393.48,392.65,392.79,394.21,842800,1
5/18/22 14:20,392.79,393.6,392.33,393.32,394.09,1285100,0
5/18/22 14:25,393.32,393.73,392.9,393.2,393.97,1087100,1
5/18/22 14:30,393.2,393.82,393.19,393.72,393.9,975000,0
5/18/22 14:35,393.72,393.89,392.49,392.67,393.76,1191000,0
5/18/22 14:40,392.64,392.65,391.87,392.3,393.59,1340500,0
5/18/22 14:45,392.29,392.78,392,392.28,393.44,899800,1
5/18/22 14:50,392.28,392.84,391.47,392.49,393.31,1334600,0
5/18/22 14:55,392.49,392.82,391.85,392.03,393.16,948100,0
5/18/22 15:00,392.05,392.5,391.43,391.69,392.99,1179900,1
5/18/22 15:05,391.69,392.33,391.62,391.89,392.86,920000,1
5/18/22 15:10,391.89,392.68,391.86,391.9,392.75,1005400,0
5/18/22 15:15,391.9,392.46,391.67,391.69,392.63,1089000,1
5/18/22 15:20,391.69,392.32,391.65,391.94,392.54,795200,0
5/18/22 15:25,391.94,392.34,390.95,391.15,392.4,1517800,0
5/18/22 15:30,391.15,391.2,390.7,390.85,392.24,1286000,1
5/18/22 15:35,390.86,391.26,390.71,390.86,392.1,1292900,1
5/18/22 15:40,390.87,392.74,390.73,392.34,392.08,2053900,0
5/18/22 15:45,392.34,392.67,391.23,391.46,392,2343800,0
5/18/22 15:50,391.46,391.84,390.83,391.08,391.9,2367800,0
5/18/22 15:55,391.09,392.04,390.55,390.73,391.78,3059700,1
5/18/22 16:00,390.72,392.2,390.65,391.89,391.75,9209900,0
5/19/22 9:35,388.62,390.61,388.47,390.31,391.61,2681300,1
5/19/22 9:40,390.29,391.79,389.93,390.87,391.52,2386100,0
5/19/22 9:45,390.88,391.22,388.93,389.12,391.31,1723400,0
5/19/22 9:50,389.11,389.27,387.32,387.52,390.98,2161600,1
5/19/22 9:55,387.54,388.42,387.11,388.23,390.72,1820400,1
5/19/22 10:00,388.22,389.65,388,388.64,390.51,1438300,1
5/19/22 10:05,388.63,391.09,388.25,390.45,390.45,1766100,0
5/19/22 10:10,390.45,390.72,389.03,389.56,390.34,1020900,1
5/19/22 10:15,389.53,390.84,389.37,389.97,390.27,994500,1
5/19/22 10:20,389.94,391.05,389.65,390.48,390.24,1000400,1
5/19/22 10:25,390.45,391.92,390.32,391.23,390.27,1188700,0
5/19/22 10:30,391.23,391.29,389.11,389.6,390.19,1149300,1
5/19/22 10:35,389.6,390.5,388.71,390.38,390.17,1089900,0
5/19/22 10:40,390.37,390.72,388.55,389.11,390.06,835200,0
5/19/22 10:45,389.1,389.28,388.2,388.58,389.91,1171600,0
5/19/22 10:50,388.58,389.28,388.05,388.42,389.77,746600,1
5/19/22 10:55,388.42,389.64,387.86,389.61,389.72,1001100,0
5/19/22 11:00,389.61,390.23,388.82,389.32,389.66,910900,1
5/19/22 11:05,389.32,390.06,389.15,389.63,389.63,730700,0
5/19/22 11:10,389.63,389.77,388.29,389.32,389.58,835500,0
5/19/22 11:15,389.3,390.28,389.03,389.09,389.52,809900,1
5/19/22 11:20,389.09,389.7,388.51,389.52,389.5,660300,1
5/19/22 11:25,389.51,390.41,388.93,390.19,389.54,698700,0
5/19/22 11:30,390.19,390.2,389.13,389.56,389.53,567600,1
5/19/22 11:35,389.56,391.07,389.56,390.99,389.63,845200,1
5/19/22 11:40,390.99,392.31,390.54,392.13,389.83,1049400,1
5/19/22 11:45,392.13,393.34,392.11,392.94,390.08,1282300,1
5/19/22 11:50,392.94,393.34,392.53,393.02,390.33,951700,0
5/19/22 11:55,393.02,393.17,391.77,392.03,390.5,993300,0
5/19/22 12:00,392.03,392.06,391.29,391.9,390.64,909300,1
5/19/22 12:05,391.9,392.24,391.51,392.06,390.78,749000,1
5/19/22 12:10,392.05,392.48,391.72,392.27,390.92,659900,1
5/19/22 12:15,392.27,392.79,392.25,392.43,391.08,720900,0
5/19/22 12:20,392.43,393,391.7,391.93,391.18,723500,0
5/19/22 12:25,391.93,391.95,390.77,391.24,391.23,816100,1
5/19/22 12:30,391.22,391.85,390.92,391.7,391.31,544800,0
5/19/22 12:35,391.71,391.92,390.81,391.2,391.35,671300,0
5/19/22 12:40,391.2,391.28,390,390.07,391.3,640300,0
5/19/22 12:45,390.06,390.22,389.26,389.35,391.19,1065800,0
5/19/22 12:50,389.35,389.56,388.82,389.11,391.07,757000,1
5/19/22 12:55,389.09,389.71,389.07,389.13,390.94,826800,1
5/19/22 13:00,389.13,390.05,388.86,389.96,390.88,735600,0
5/19/22 13:05,389.96,390.24,389.3,389.63,390.79,686900,1
5/19/22 13:10,389.63,390.58,389.32,389.76,390.71,765000,0
5/19/22 13:15,389.78,389.91,388.33,388.79,390.55,752200,1
5/19/22 13:20,388.79,389.63,388.35,389.63,390.46,640100,1
5/19/22 13:25,389.63,390.24,389.15,390.02,390.4,1037500,0
5/19/22 13:30,390.03,390.33,389.37,389.64,390.31,699100,1
5/19/22 13:35,389.65,390.57,389.28,389.83,390.23,752800,1
5/19/22 13:40,389.83,390.4,389.47,390.22,390.18,574800,1
5/19/22 13:45,390.22,390.65,389.77,390.32,390.15,552300,0
5/19/22 13:50,390.31,390.48,388.48,388.66,389.99,629900,1
5/19/22 13:55,388.65,390.67,388.54,390.55,389.99,866300,1
5/19/22 14:00,390.55,392.25,390.54,391.75,390.09,1292300,0
5/19/22 14:05,391.75,391.85,390.53,390.77,390.11,990400,0
5/19/22 14:10,390.81,390.89,390,390.75,390.14,749900,1
5/19/22 14:15,390.75,391.44,390.36,390.86,390.18,588400,0
5/19/22 14:20,390.86,391.44,390.35,390.42,390.19,531400,1
5/19/22 14:25,390.42,391.3,390.08,390.94,390.24,775200,0
5/19/22 14:30,390.94,391.13,390.28,390.9,390.3,535000,1
5/19/22 14:35,390.9,391.4,390.44,390.95,390.36,546800,1
5/19/22 14:40,390.95,392.24,390.47,391.63,390.48,926100,0
5/19/22 14:45,391.63,391.7,390.44,391.61,390.59,784300,1
5/19/22 14:50,391.6,392.57,391.27,392.52,390.77,962800,1
5/19/22 14:55,392.52,393.13,392.13,392.94,390.97,1260800,0
5/19/22 15:00,392.94,392.99,391.81,392.79,391.14,885800,1
5/19/22 15:05,392.79,394.14,392.47,393.7,391.38,1643700,0
5/19/22 15:10,393.71,393.9,392.57,392.59,391.52,919900,0
5/19/22 15:15,392.59,392.7,391.62,392.21,391.62,1341100,0
5/19/22 15:20,392.16,392.4,391.1,391.4,391.65,899500,0
5/19/22 15:25,391.41,391.46,390.22,390.27,391.59,813400,0
5/19/22 15:30,390.26,390.81,389.78,389.83,391.49,1376800,0
5/19/22 15:35,389.83,390.43,389.59,389.65,391.37,1200700,0
5/19/22 15:40,389.65,389.97,389.2,389.43,391.24,1197000,1
5/19/22 15:45,389.44,390.71,389.05,390.54,391.2,1816200,0
5/19/22 15:50,390.54,391.1,389.48,390.16,391.13,1758600,0
5/19/22 15:55,390.16,390.56,389.04,389.68,391.01,2757200,0
5/19/22 16:00,389.69,390.2,389.32,389.45,390.88,5850200,0
5/19/22 16:05,389.42,389.5,388.73,389.1,390.73,1157479,1
5/19/22 16:10,389.16,390.6,389,389.11,390.58,2355629,1
5/19/22 16:15,389.1,389.55,389.09,389.5,390.47,800524,0
5/19/22 16:20,389.5,389.59,389.25,389.5,390.37,602196,0
5/19/22 16:25,389.47,389.51,389.31,389.34,390.25,97995,1
5/19/22 16:30,389.37,389.49,389.2,389.49,390.15,66186,0
5/19/22 16:35,389.5,389.61,389.3,389.34,390.04,39770,1
5/19/22 16:40,389.34,389.46,389.28,389.4,389.95,56336,1
5/19/22 16:45,389.39,389.54,389.26,389.47,389.86,86877,1
5/19/22 16:50,389.47,389.82,389.42,389.76,389.8,13419,1
5/19/22 16:55,389.75,389.93,389.65,389.93,389.76,21550,0
5/19/22 17:00,389.94,389.95,389.6,389.62,389.71,33009,0
5/19/22 17:05,389.6,389.63,389.4,389.48,389.65,24884,0
5/19/22 17:10,389.48,389.49,389.45,389.48,389.6,3336,1
5/19/22 17:15,389.47,411.91,389.45,389.51,389.57,8185,1
5/19/22 17:20,389.51,389.6,389.46,389.55,389.55,1003413,1
5/19/22 17:25,389.55,389.6,389.53,389.59,389.55,2530,0
5/19/22 17:30,389.59,389.59,389.55,389.56,389.54,541,0
5/19/22 17:35,389.56,389.57,389.54,389.55,389.54,2084,0
5/19/22 17:40,389.56,389.56,389.5,389.53,389.54,1453,1
5/19/22 17:45,389.56,389.65,389.52,389.55,389.54,2639,1
5/19/22 17:50,389.63,389.63,389.55,389.6,389.54,2270,0
5/19/22 17:55,389.6,389.6,389.46,389.53,389.54,2355,0
5/19/22 18:00,389.53,389.55,389.5,389.52,389.54,4065,1
5/19/22 18:05,389.52,390.08,389.52,389.98,389.58,35102,1
5/19/22 18:10,390.04,390.32,389.98,390.16,389.63,22595,1
5/19/22 18:15,390.14,390.28,390.14,390.19,389.68,5485,1
5/19/22 18:20,390.24,390.37,389.9,390.35,389.73,37269,0
5/19/22 18:25,390.3,390.38,390.19,390.25,389.78,6787,0
5/19/22 18:30,390.23,390.41,390.19,390.2,389.82,7293,0
5/19/22 18:35,390.2,390.28,389.9,390.14,389.85,6477,0
5/19/22 18:40,390.13,390.16,389.9,389.9,389.87,3083,1
5/19/22 18:45,389.9,389.99,389.83,389.91,389.88,7450,1
5/19/22 18:50,389.92,389.94,389.84,389.94,389.89,988,1
5/19/22 18:55,389.94,390.05,389.93,390.02,389.91,3482,0
5/19/22 19:00,389.98,390.06,389.85,389.95,389.92,1338,1
5/19/22 19:05,390.01,390.16,389.9,390.14,389.95,13249,0
5/19/22 19:10,390.13,390.15,389.96,389.98,389.96,2717,0
5/19/22 19:15,389.96,390.01,389.73,389.73,389.95,3124,1
5/19/22 19:20,389.73,389.84,389.68,389.75,389.94,3217,1
5/19/22 19:25,389.8,389.89,389.72,389.85,389.94,352,1
5/19/22 19:30,389.86,390.23,389.79,390.23,389.97,4700,0
5/19/22 19:35,390.12,390.23,390.1,390.21,389.99,4842,1
5/19/22 19:40,390.21,390.33,390.2,390.27,390.02,4207,1
5/19/22 19:45,390.25,390.43,390.25,390.4,390.05,7210,1
5/19/22 19:50,390.36,390.6,390.3,390.6,390.1,4836,1
5/19/22 19:55,390.59,390.74,390.42,390.63,390.15,19455,0
5/19/22 20:00,390.6,390.64,390.44,390.52,390.18,9380,0