Open,High,Low,Close,Volume ,Moving Average 50,NextHigherorLower
419.81,421.63,419.74,421.135,1663500,1763026,1
421.135,421.8,420.105,421.2,1210600,1768396,0
421.2,421.9,420.65,420.89,839200,1769364,1
420.89,422.27,420.89,422.27,969000,1774762,0
422.27,422.6821,421.6,421.68,973000,1775734,1
421.71,422.65,421.41,422.21,947000,1764740,1
422.21,423.01,422.11,422.285,1208700,1753604,0
422.285,422.43,421.62,421.67,671400,1749176,1
421.675,423.2,421.67,423.04,815800,1740736,0
423.035,423.29,422.01,422.02,741800,1716086,1
422.02,422.22,421.63,422.0399,701700,1689580,0
422.075,422.46,420.98,421.23,895400,1684332,1
421.23,422.56,421.07,422.54,814300,1676188,1
422.56,423.3432,422.39,423.14,959100,1654868,0
423.14,423.79,422.85,423.13,1010800,1642200,1
423.13,423.34,422.7306,423.2001,554100,1613396,0
423.2001,423.54,422.3,422.995,720100,1578254,0
423.03,423.692,422.3,422.5,910700,1450914,0
422.5,422.61,421.97,422.2903,589700,1209124,1
422.2903,423.27,422.21,422.85,729200,1150170,1
422.85,423.04,422.4,422.94,469300,1107396,0
422.94,423.19,421.96,422.835,853300,1088704,0
422.835,422.835,422.13,422.49,721500,1070448,0
422.49,422.72,421.75,421.84,897900,1059610,1
421.84,423.49,421.81,423.32,803300,1042072,1
423.32,423.6965,422.65,423.33,1008900,1034260,1
423.33,424.38,423.33,424.08,1113900,1022486,1
424.08,424.98,423.78,424.86,1346700,1018802,1
424.86,425.62,424.64,425.5599,1780900,1030306,1
425.5599,425.81,425.31,425.6798,909900,1018976,0
425.67,425.8,425.03,425.04,1226500,1012364,0
425.04,425.44,424.8,425.01,1066500,997430,1
425.01,426.29,424.72,426.19,1226400,992174,1
426.19,426.76,425.96,426.72,960500,987080,0
426.72,426.76,425.46,425.51,1061500,987894,0
425.49,425.73,424.04,424.43,1605400,999806,0
424.45,424.6,423.84,424.32,1338400,1003922,1
424.33,424.95,424.24,424.89,1204600,1004820,1
424.89,426.04,424.89,426.02,1236400,1010336,1
426.03,427.15,426.0032,427.03,1527300,1018812,1
427.04,427.42,426.01,427.205,1761500,1032006,1
427.205,427.53,426.84,427.342,1716900,1048602,1
427.35,428.2,427.17,428.055,1617100,1059448,1
428.06,428.47,427.06,428.25,2358100,1080708,0
428.25,428.59,427.4,427.82,2332900,1108200,1
427.66,428.69,427.13,428.56,2922700,1149448,0
428.56,428.65,427.92,428.5,5901300,1241836,0
425.92,426.04,425.04,425.0972,2386900,1269404,1
425.0972,425.72,424.94,425.13,1521000,1277006,0
425.15,425.37,424.191,424.23,1596000,1287972,0
424.2299,425.0899,423.9999,424.1899,1715500,1289012,0
424.19,424.51,423.54,423.55,1684600,1298492,1
423.55,423.94,423.43,423.86,1055400,1302816,0
423.85,423.95,423.37,423.745,1327700,1309990,1
423.745,424.64,423.62,424.42,1199400,1314518,0
424.41,424.6135,423.32,423.395,1002100,1315620,0
423.395,423.395,421.88,422.155,1524900,1321944,0
422.155,422.39,421.43,421.83,1535500,1339226,1
421.83,422.49,421.47,422.4633,1073900,1344388,0
422.4633,422.58,421.47,421.58,983700,1349226,0
421.58,422.2,420.97,421.32,1179900,1358790,0
421.32,421.59,420.49,420.82,1407500,1369032,1
420.81,421.69,420.7,421.64,1151700,1375780,0
421.6276,421.9499,421.04,421.17,810200,1372802,0
421.1901,421.4601,420.9601,421.0701,787000,1368326,0
421.04,421.07,420.4301,420.4901,933500,1375914,1
420.49,420.75,420.21,420.62,975100,1381014,1
420.62,421.22,420.45,421.21,964700,1382094,0
421.21,421.215,420.26,420.3,780200,1385904,1
420.3,421.55,420.17,420.99,1068400,1392688,0
420.99,421.31,420.7452,420.8416,611900,1395540,0
420.83,421.24,420.32,420.68,866300,1395800,0
420.7,420.78,419.78,420.33,1315600,1407682,1
420.33,420.51,419.61,420.4699,984600,1409416,0
420.4699,420.71,420.14,420.46,602400,1405398,0
420.46,420.72,420.18,420.21,685200,1398924,0
420.21,420.23,419.41,419.445,821100,1393068,1
419.445,419.949,419.44,419.84,755700,1381248,1
419.84,420.57,419.71,420.4701,702400,1359678,1
420.4701,420.65,420.13,420.56,651900,1354518,1
420.56,421.12,420.54,420.9299,882200,1347632,1
420.9299,421.669,420.91,421.31,842300,1343148,1
421.31,422.27,421.27,421.99,1114300,1340906,0
421.99,422.2369,421.41,421.58,697100,1335638,0
421.58,421.85,420.9,420.9901,543200,1325272,1
420.9901,421.36,420.78,421.08,653100,1306226,0
421.08,421.15,420.57,420.6999,473900,1288936,1
420.69,421.41,420.6125,421.0499,627300,1277390,1
421.04,422.31,420.86,422.225,827200,1269206,0
422.225,422.26,420.4,420.52,981200,1258284,1
420.54,420.915,420.5,420.62,618100,1235416,0
420.6107,420.87,420.08,420.09,545100,1211980,0
420.08,420.33,419.58,419.64,856800,1196774,0
419.64,419.81,419.32,419.355,671400,1163040,0
419.35,419.55,419,419.19,768700,1131756,1
419.19,419.54,418.74,419.28,895500,1091212,1
419.28,419.61,418.88,419.4008,1048300,994152,1
419.4132,420.57,419.35,420.2348,1009300,966600,0
420.26,420.42,419.59,419.95,781200,951804,0
419.95,420.03,419.245,419.26,687000,933624,1
419.25,419.75,419.18,419.41,893800,917190,0
419.41,419.63,419,419.3733,874400,900986,0
419.3733,419.79,419.19,419.3149,657900,893036,1
419.33,420.07,419.27,419.95,668600,879854,0
419.94,420.52,419.47,419.85,879400,873454,1
419.85,420.95,419.76,420.64,770900,868830,0
420.64,420.86,420.1,420.58,625800,850848,0
420.54,420.67,419.87,420.3801,725900,834656,1
420.39,421,420.29,420.58,704100,827260,0
420.58,420.58,419.39,419.45,951000,826606,1
419.45,419.95,419.23,419.545,866500,820338,1
419.545,420.4,419.48,420.26,648900,805166,1
420.26,420.95,420.1796,420.75,709000,796312,0
420.72,421.22,420.21,420.25,1026600,800640,0
420.24,420.32,419.44,419.55,891800,802736,0
419.54,419.97,418.61,418.73,1195400,807974,0
418.72,418.78,417.61,417.79,1714600,822764,1
417.79,418.56,417.73,418.39,1432700,832124,0
418.39,418.55,417.79,417.96,1164000,839800,0
417.95,418.22,417.24,417.49,2164100,861714,1
417.49,418.2,417.11,418.1716,1668400,882844,0
418.1716,418.43,417.4,418.09,1745600,900430,0
418.09,418.45,417.2,417.49,2586300,925844,0
417.49,418.31,417.02,417.12,3725800,980668,0
417.115,417.68,416.07,416.11,6964300,1107906,1
417.38,418.49,417.15,417.91,3657700,1167356,1
417.91,418.76,417.8,418.42,2189800,1194730,1
418.42,420.58,418.24,420.53,2292000,1225456,1
420.54,421.765,420.44,421.37,2434000,1260088,0
421.38,422.02,420.53,420.75,1813000,1283310,0
420.73,420.99,420.375,420.75,1043000,1286526,0
420.75,421.76,419.2306,419.5054,1871400,1307108,0
419.5,419.78,418.79,419.07,1654700,1317916,0
419.07,421.77,416.91,417.0056,1889000,1341754,0
417.02,417.05,415.81,416.4365,2175800,1374406,1
416.41,417.7,416.24,417.2,1827600,1397896,0
417.19,417.76,415.89,415.94,1113100,1410680,1
415.94,416.08,415.01,415.99,2150500,1441144,1
415.98,417.82,415.81,417.51,1721400,1459028,1
417.51,418.36,417.35,418.05,1265800,1464720,1
418.05,419.2794,417.77,419.22,1313900,1478636,0
419.23,419.32,418.12,418.19,1119400,1490122,0
418.195,418.82,417.97,418.0262,847600,1489938,1
418.0262,419.92,417.97,418.76,1499600,1506502,0
418.76,418.89,417.96,418.29,983000,1510788,1
418.29,419.21,417.71,418.39,1158000,1516038,1
418.38,419.61,418.38,419.37,1285100,1520774,0
419.37,419.83,418.39,419.31,1116800,1522924,1
419.31,420.0299,419.08,419.8,1050800,1528316,1
419.82,420.77,419.78,420.72,1467000,1543916,0
420.725,420.82,420.3,420.36,911400,1544268,1
420.3621,421,420.05,420.39,912200,1545024,0
420.42,420.44,419.85,420.16,702400,1545914,0
420.145,420.31,418.935,419.1499,787800,1548298,1
419.13,419.74,418.96,419.69,697700,1544664,0
419.68,419.93,418.73,419.5244,695400,1543154,1
419.5244,420.55,419.5,420.3927,675300,1544144,0
420.3927,420.46,419.9,420.12,591200,1541450,0
420.13,420.51,419.69,420,587500,1539118,1
419.99,421.91,419.79,421.57,1312600,1546350,1
421.62,422.24,421.44,422.11,1008500,1549190,0
422.11,422.49,421.69,421.95,1048800,1557188,0
421.95,422.07,421.34,421.91,863800,1560284,1
421.91,422.92,421.64,422.45,996600,1559684,0
422.45,422.645,421.71,421.89,971700,1561282,1
421.89,422.11,421.61,421.9,533400,1548042,1
421.9,422.15,421.69,422.055,698600,1527722,1
422.06,422.23,420.0909,422.1,2567700,1550422,0
422.1,422.35,420.67,420.84,1099800,1549138,0
420.84,421.16,420.16,420.72,1073300,1527322,0
420.73,420.76,420.13,420.4,764400,1509242,1
420.4,421.1694,420.34,420.562,841200,1491154,1
420.562,421.61,419.65,421.53,1262800,1464684,0
421.53,421.96,421.06,421.4822,758000,1405328,0
421.465,421.93,420.621,420.89,583100,1277704,0
420.89,421.065,420.44,420.85,508200,1214714,1
420.84,421.7,420.6,421.5735,608800,1183094,1
421.5735,422.15,421.45,421.915,570000,1148654,1
421.915,421.99,421.45,421.93,500100,1109976,0
421.9242,421.96,421.11,421.21,614600,1086008,1
421.2,421.67,421.06,421.315,429300,1073734,1
421.315,421.71,420.84,421.4598,478700,1045880,0
421.42,421.48,420.38,420.62,511300,1023012,0
420.64,421.23,420.56,420.56,374600,992724,0
420.56,420.71,420.21,420.37,456400,958336,1
420.37,421.02,420.18,420.83,527800,932340,0
420.83,420.97,419.38,420.57,897300,928024,1
420.57,421.429,420.5,421.1504,879200,902598,0
421.17,421.56,420.42,420.65,883000,885830,0
420.65,420.78,419.51,419.6799,660600,873726,0
419.66,419.66,418.29,418.71,1366500,874778,0
418.71,419,417.78,418.06,1459200,881574,1
418.05,418.68,417.6901,418.08,1468500,893992,1
418.07,418.68,417.63,418.41,1150800,887016,0
418.42,418.9,417.56,418.04,928000,885916,0
418.04,418.28,417.24,417.73,1090500,884566,1
417.73,418.52,417.705,418.27,1037400,879612,0
418.27,418.64,417.77,417.955,1077900,878834,0
417.955,418.3192,417.1,417.35,1535300,888524,1
417.36,418.645,417.12,418.3,1668100,892546,0
418.3,418.79,417.37,417.49,1959800,913514,0
417.48,417.65,416.53,417.36,4200800,979286,0
417.36,417.99,416.9,417.25,5977500,1084788,1
422.17,423.08,421.11,421.15,2734400,1123720,0
421.1599,421.74,420.73,420.79,1853700,1146840,0
420.79,421.51,419.64,419.81,1328000,1159492,1
419.81,420.85,419.75,420.03,1374700,1173480,1
420.03,420.86,419.56,420.7,1328000,1188216,0
420.7,420.82,420.0928,420.48,841300,1193292,0
420.445,420.52,418.75,418.8477,1504300,1197126,1
418.83,419.95,418.6301,419.5508,1053100,1198018,0
419.56,419.91,418.9,419.47,983700,1196716,1
419.47,420.65,418.91,420.57,1270200,1204844,0
420.565,420.68,419.79,419.86,955100,1204014,0
419.86,419.92,418.41,418.48,1487500,1214330,0
418.48,418.71,417.89,418,1374800,1231158,1
418,418.75,417.91,418.21,796300,1233112,1
418.21,418.46,417.6,418.38,782600,1197410,0
418.38,418.93,418.1933,418.3701,886000,1193134,1
418.37,418.72,417.77,418.66,677200,1185212,1
418.66,419.58,418.52,419.2801,872100,1187366,1
419.2801,419.97,419.085,419.8,803700,1186616,1
419.8,420.84,419.51,420.66,901400,1179388,1
420.66,420.85,420.39,420.84,696100,1178150,1
420.82,421.28,420.53,421.235,1202200,1190532,0
421.24,421.3,420.54,420.79,585800,1192084,0
420.81,421.26,420.61,420.74,685600,1193620,1
420.74,421.35,420.38,421.215,781200,1197844,0
421.215,421.3,420.24,420.31,584100,1199524,0
420.305,420.59,419.96,420.04,559000,1198412,0
420.04,420.14,419.47,419.98,587500,1201576,1
419.97,420.915,419.75,420.5,697400,1205950,1
420.5,420.67,420.004,420.55,396000,1203644,1
420.55,421,420.13,420.88,506800,1206288,0
420.88,420.9,420.02,420.46,516500,1207490,1
420.46,421.33,420.41,421.32,461400,1206162,1
421.315,422.07,421.26,422.04,814900,1204514,1
422.04,422.64,421.88,422.5014,667100,1200272,1
422.5014,423.22,422.48,423.2121,877000,1200152,1
423.2121,423.73,423.09,423.69,667100,1200282,1
423.7,424.19,423.65,424.02,983800,1192628,1
424.01,424.75,424.005,424.75,1081800,1185080,1
424.75,425.8,424.74,425.24,2161100,1198932,1
425.25,425.43,424.67,425.28,1261200,1201140,1
425.28,425.64,424.995,425.6,789100,1198362,1
425.6,425.94,425.23,425.835,1195400,1200460,1
425.82,426.415,425.51,426.28,1094900,1201610,1
426.28,427.2,426.21,427.06,1300300,1206058,0
427.06,427.3,426.44,426.94,1066700,1196686,0
426.95,426.99,426.19,426.49,739500,1178114,1
426.46,427.05,426.43,426.8601,655400,1152026,1
426.87,427.14,426.32,426.89,1144600,1090902,1
426.89,427.58,426.65,427.47,925700,989866,0
427.47,427.63,426.5,426.962,965800,954494,1
426.9501,427.55,426.769,427.39,671200,930844,0
427.3999,427.45,426.64,426.8,833500,920954,1
426.8,427.23,426.59,427.17,559100,904642,1
427.17,427.47,427.03,427.35,740400,892890,0
427.35,427.37,426.82,427.15,602900,888122,0
427.15,427.53,426.96,427.07,603500,870106,1
427.06,427.36,426.72,427.3499,530300,859650,1
427.34,427.68,426.97,427.6601,539600,850768,0
427.66,427.66,427.23,427.535,603400,837432,0
427.55,427.79,427.13,427.52,1114000,840610,1
427.52,427.94,427.42,427.82,815900,827178,1
427.83,428.41,427.81,428.37,1024400,820170,1
428.365,428.825,428.3,428.819,1020700,824658,0
428.815,429.1999,428.32,428.325,1155300,832112,1
428.325,428.76,428.2,428.65,794200,830276,1
428.65,429.03,428.3,428.6999,1262200,841976,1
428.6999,429.169,428.66,429.03,798800,840510,0
429.03,429.06,428.48,428.635,895800,842352,1
428.63,429.11,428.45,429.105,738400,839092,1
429.105,429.64,428.97,429.5983,1111700,847404,0
429.5983,429.6,428.72,428.77,1225400,847868,0
428.78,428.87,428.03,428.14,1536600,866884,0
428.14,428.4099,427.5699,427.99,1648000,886132,0
427.97,428.56,427.47,427.62,1346300,897434,0
427.62,428.17,427.04,427.55,2193600,929624,0
427.54,427.6,426.65,427.19,3323300,984910,1
427.19,427.9,426.37,427.8,7584400,1124848,0
423.56,424.67,422.68,424.443,2584800,1162596,0
424.45,424.88,423.31,423.83,1557500,1185826,0
423.82,424.22,422.69,422.86,1220300,1200096,1
422.86,423.66,422.575,423.38,1143500,1212636,1
423.38,424,422.93,423.5556,1052800,1224464,1
423.57,425.87,423.54,425.71,1864200,1245450,0
425.71,425.86,424.8675,424.915,1110100,1254310,0
424.915,425.1155,424.02,424.52,1041800,1257606,0
424.52,424.94,423.9701,424.27,898600,1262236,0
424.27,424.99,422.14,422.38,1326400,1269088,0
422.38,422.63,421.66,421.94,1498600,1277424,0
421.9443,422.2099,420.9758,421.18,1143300,1257068,0
421.18,421.41,420.95,421.03,1140800,1254660,1
421.03,421.25,420.38,421.04,1292100,1264720,0
421.04,421.11,420.34,420.8082,969500,1260202,0
420.8082,420.84,420.15,420.28,1564100,1269586,1
420.28,420.62,419.93,420.45,1046900,1264518,1
420.45,420.91,420.28,420.76,1060000,1264384,0
420.76,420.76,419.94,420.489,978700,1269168,0
420.47,421.2,420.21,420.32,879300,1273646,0
420.32,420.62,419.6,420.3,837000,1267494,1
420.29,420.61,420.03,420.54,663300,1262246,1
420.54,421.09,420.14,420.79,886900,1260668,1
420.79,421,420.34,420.94,904400,1265332,1
420.91,421.985,420.64,421.35,1175700,1272176,0
421.35,421.71,420.94,420.96,751900,1276032,1
420.95,421.67,420.74,421.55,776100,1276746,0
421.55,422.13,421.25,421.4,990400,1284496,1
421.4,421.65,420.93,421.43,889400,1290214,0
421.43,421.57,420.404,420.45,745800,1294524,0
420.45,420.56,419.12,419.21,980300,1303338,0
419.21,419.37,418.88,418.98,775500,1306780,1
418.98,419.46,418.91,419.2501,800100,1300502,0
419.26,419.26,418.75,418.915,724900,1298682,1
418.915,419.33,418.68,419.32,1099100,1300176,0
419.32,419.56,418.645,418.83,685000,1293462,0
418.83,418.95,418.422,418.67,547800,1281312,1
418.695,418.92,418.46,418.71,551300,1276454,0
418.71,418.81,418.04,418.1,889500,1269000,0
418.105,418.44,418.015,418.09,641300,1265850,0
418.0835,418.11,417.21,417.28,1391600,1275766,1
417.26,417.94,417.26,417.679,1275300,1286504,1
417.66,418.65,417.62,418.41,1051200,1285294,0
418.41,418.46,417.49,417.6477,757500,1275936,1
417.6477,418.09,417.52,418.06,647400,1258152,1
418.06,418.5,417.955,418.31,768300,1240558,1
418.31,418.975,418.08,418.895,799800,1229628,0
418.9,419.44,418.62,418.645,785700,1201470,1
418.645,419.26,418.61,418.99,782500,1150654,1
418.96,419.78,418.84,419.1,906400,1017094,0
419.08,419.16,418.09,418.265,784100,981080,0
418.2583,418.33,417.76,417.84,626200,962454,0
417.84,418.12,417.72,417.76,765200,953352,0
417.76,417.92,417.57,417.66,702800,944538,0
417.66,417.8,417.1,417.23,958500,942652,0
417.23,417.34,416.95,417.01,1283100,931030,1
417.01,417.45,416.73,417.19,778700,924402,1
417.19,418.06,417.18,417.305,968900,922944,0
417.32,417.35,416.52,416.67,818300,921338,1
416.67,416.99,416.6,416.745,836700,911544,0
416.745,417.04,416.39,416.57,844800,898468,0
416.57,416.85,415.85,415.925,1080000,897202,1
415.92,416.27,415.86,416.2499,878800,891962,0
416.25,416.28,415.3,415.33,1232500,890770,0
415.33,415.49,415.01,415.0314,1282100,897022,1
415.0314,415.91,414.83,415.66,1649700,898734,0
415.66,415.74,415.055,415.49,1376500,905326,0
415.48,415.485,414.53,414.58,1455800,913242,0
414.56,414.83,413.9,414.115,1748800,928644,1
414.115,415.125,414.04,415.1,1970200,950462,0
415.1,415.16,414.35,414.885,1775100,969224,0
414.91,415.2,414.01,414.07,1735000,990658,1
414.07,414.97,413.82,414.58,2695000,1026820,1
414.58,415.13,414.14,414.63,2776700,1064266,0
414.615,415.15,414.01,414.08,2829500,1097342,0
414.06,414.27,412.76,412.84,5208800,1186480,0
412.84,412.84,411.51,411.87,8070200,1332362,1
411.86,412.46,411.21,412.05,13135400,1575262,0
412.01,413.07,410.97,411.04,2996100,1617396,0
411.04,411.1,409.32,410.45,2761300,1657706,1
410.45,413.04,409.25,412.06,2845200,1695004,0
412.06,412.89,410.9476,411.5,2018300,1719860,1
411.495,412.6,410.84,412.505,1850000,1740858,0
412.505,413.37,411.78,412.34,1725400,1760868,1
412.34,413.19,411.476,413.01,1799300,1774872,0
413,413.0533,410.54,410.87,1617200,1793516,1
410.87,411.612,410.38,410.98,1456500,1811690,1
410.98,412.47,410.35,412.1899,1241200,1825488,1
412.1899,413.57,411.42,413.2701,1580500,1839308,1
413.31,414.9513,413.1,414.46,2775600,1881994,1
414.44,415.92,414.42,415.15,1961100,1893384,0
415.15,415.34,414.0601,414.71,1674500,1901368,0
414.71,415.51,413.86,414.07,1503500,1910414,0
414.07,414.38,413.54,413.86,1303900,1921342,0
413.88,413.98,413.07,413.23,1387300,1936140,0
413.23,413.93,412.28,412.41,1493100,1950636,0
412.41,412.62,410.87,410.89,1536800,1965376,1
410.91,412.05,410.81,411.74,1498100,1979624,1
411.74,412.32,411.12,412.295,1227600,1988526,0
412.28,412.32,410.13,410.52,1506500,2000528,1
410.52,411.07,410.15,410.86,1077300,2006392,0
410.88,411.43,410,410.58,1246000,2018788,1
410.58,411.4,409.88,410.95,1720700,2037898,0
410.95,411.8,410.15,410.28,1270500,2049252,1
410.26,411.23,409.8,410.56,1354400,2057170,0
410.56,411.31,410.26,410.56,846900,2048446,1
410.56,411.29,410.36,411.05,792900,2048730,1
411.05,411.86,410.69,411.76,1239200,2054136,0
411.76,412.22,409.77,410.23,1345600,2064682,1
410.23,410.58,409.81,410.46,835500,2064658,1
410.46,410.76,410.13,410.63,627900,2060320,1
410.63,411.87,410.31,411.825,1014600,2059012,0
411.825,412.56,411.54,411.6576,1115500,2063746,0
411.6526,411.81,410.88,411.51,671400,2052524,1
411.51,411.96,411.11,411.89,739300,2041668,0
411.89,412.27,410.72,410.83,793700,2024548,0
410.83,411.25,410.37,410.51,655400,2010126,0
410.51,410.74,410.06,410.3101,745200,1995914,0
410.3101,410.44,409.4,409.58,910200,1979142,0
409.58,410.13,408.68,408.99,1432000,1968378,0
408.98,409.26,408.03,408.4035,1417000,1961216,1
408.4035,409.77,408.271,409.33,1375400,1954024,1
409.31,410.08,409.13,409.7236,748100,1915086,0
409.7236,409.79,409.013,409.28,654300,1872638,0
409.28,409.36,408.6,408.69,640300,1828854,0
408.69,409.25,408.22,408.67,785600,1740390,0
408.67,409.34,408.06,408.1671,1136000,1601706,0
408.15,408.53,407.85,408.08,1310600,1365210,0
408.08,408.55,407.61,407.61,855100,1322390,0
407.61,407.87,407.01,407.08,1375000,1294664,0
407.07,407.48,406.92,407.03,1215900,1262078,1
407.03,407.72,407,407.65,1280100,1247314,1
407.65,408.4798,407.03,408.47,2025400,1250822,0
408.45,408.82,407.56,407.56,1223600,1240786,0
407.56,407.6799,406.17,406.26,1149700,1227794,0
406.26,406.35,405.8,405.91,1975800,1234966,1
405.9,406.71,405.75,406.43,1366700,1233170,0
406.43,406.64,406.02,406.285,1225100,1232848,1
406.285,406.93,406.01,406.64,1853200,1238302,0
406.65,406.79,406,406.34,1331000,1209410,0
406.34,406.59,405.02,405.5,1580300,1201794,1
405.5016,406.92,405.5016,406.71,1589600,1200096,1
406.7,407.72,406.02,407.1934,2122700,1212480,0
407.1934,407.43,406.02,406.46,1739900,1221200,1
406.46,408,406.32,407.69,1638800,1226230,1
407.7,409.19,407.52,408.82,1980100,1235970,1
408.82,410.44,408.7801,410.38,2416700,1253568,1
410.39,410.83,409.76,410.5629,2353000,1270666,1
410.5629,412.21,410.5629,412.01,2259600,1291306,0
412.01,412.54,411.52,411.91,2416500,1309506,1
411.91,413.71,411.84,413.64,2874800,1345456,0
413.64,413.91,412.25,412.6,2776800,1376072,0
412.6,413.53,411.71,411.75,2520500,1392068,1
411.75,413.64,411.55,413.56,2567700,1418012,1
413.56,414.41,413.12,414.19,6143600,1513796,1
414.19,414.66,413.684,414.5,5747700,1611812,1
414.91,415.7117,413.93,415.36,2880900,1653572,0
415.36,415.4,413.78,413.98,2186000,1672508,1
413.99,415.36,413.9001,414.42,1682700,1679250,0
414.4,414.52,413.36,414.02,1689500,1696330,1
414.02,415.08,413.71,414.8101,2012500,1724022,1
414.8101,415.55,414.27,415.42,1803100,1739792,1
415.42,416.27,415.42,415.982,1840300,1754288,0
415.982,416.235,414.08,414.3311,1727000,1775400,1
414.32,415.32,413.78,415.07,1618700,1792988,0
415.07,415.17,414.065,415.06,1298800,1803090,0
415.06,415.46,414.3,414.87,1098300,1811948,1
414.87,416.04,414.62,415.72,1493700,1826918,1
415.72,416.7,415.18,416.39,1766100,1844036,0
416.39,416.55,415.37,415.43,1127000,1837936,0
415.44,415.55,414.48,414.5,927200,1828140,0
414.5,414.69,413.9,414.3099,1133400,1823300,1
414.3,415.26,414.05,414.839,1098500,1830308,1
414.83,415.6266,414.8,415.25,960000,1836422,1
415.25,416.41,414.72,416.39,966200,1842940,1
416.41,417.83,416.23,417.6,1750100,1862230,1
417.6,417.72,416.82,417.68,1113900,1861788,0
417.68,418.09,416.88,417.6,1056900,1856714,1
417.61,418.48,417.59,418.375,850900,1856630,0
418.38,418.56,417.74,417.95,842800,1845986,1
417.96,418.93,417.96,418.67,945600,1840580,0
418.67,418.74,417.51,417.63,794800,1830874,1
417.63,418.4,417.63,417.765,805400,1806474,0
417.765,417.89,417.26,417.6899,522800,1792458,0
417.7,417.94,417.3,417.635,570500,1780874,1
417.635,417.99,417.41,417.9,694600,1755250,1
417.89,418.76,417.65,418.37,1032200,1748560,0
418.37,418.38,415.9525,416.3,1488100,1753820,1
416.3,416.93,416.0501,416.84,946100,1735678,1
416.84,416.97,416.32,416.87,773300,1724524,1
416.87,417.45,416.84,417.27,738700,1707692,0
417.27,417.685,416.59,416.65,822400,1692348,1
416.63,416.9193,416.09,416.69,685500,1663604,1
416.69,417.26,416.44,416.85,609500,1640996,1
416.86,417.34,416.66,416.9,516400,1618548,0
416.9,417.48,416.34,416.81,777500,1594496,0
416.81,417.15,416.5,416.58,518700,1556536,1
416.5999,417.14,416.01,416.98,665900,1522794,1
416.98,417.9664,416.9301,417.15,623500,1490072,1
417.15,417.8,416.905,417.67,444100,1450624,1
417.66,418.28,417.48,418.16,617600,1405480,1
418.19,418.55,418.1,418.205,614000,1362224,0
418.205,418.71,417.55,417.9299,842300,1328660,0
417.92,418.05,417.33,417.67,575500,1288816,1
417.68,418.22,417.53,418.16,517000,1176284,1
418.16,418.44,417.81,418.37,547400,1072278,1
418.375,418.56,417.91,418.5,550600,1025672,0
418.5,418.63,417.93,418.0899,640500,994762,0
418.0802,418.15,417.365,417.62,570300,972514,0
417.62,417.73,417.28,417.55,595800,950640,0
417.55,417.58,416.61,416.7099,1120300,932796,0
416.72,416.7265,416.27,416.54,726900,911272,0
416.54,416.59,415.66,415.75,1006400,894594,0
415.75,415.75,415.07,415.3,977200,879598,0
415.3,415.43,414.87,415.28,932700,865878,0
415.28,415.35,414.88,414.99,595000,851802,1
414.99,415.8,414.94,415.735,960800,849052,0
415.75,416.485,415.14,415.225,1051700,840212,1
415.225,415.8597,414.115,415.54,1504900,834988,1
415.55,416.03,414.5,415.84,971200,831872,1
415.84,416.8473,415.59,416.35,997900,833286,1
416.35,417.49,416.06,417.3167,953700,829692,0
417.31,417.5,416.84,416.97,919000,826102,1
416.97,417.96,416.86,417.7,800700,822916,0
417.7,417.98,416.65,417.69,836600,820324,0
417.69,417.87,416.74,416.8192,987600,805074,0
416.8192,417.67,415.97,416.7,982400,802444,0
416.7,417.01,416.21,416.65,861400,798534,1
416.65,417.34,416.15,417.13,1190500,805326,0
417.13,417.21,415.72,416,1611900,820708,0
416.01,416.04,414.79,415.285,1754900,836894,1
415.285,416.15,414.81,415.5,1643200,853862,1
415.5,416.9,414.95,416.6797,2851400,894782,0
416.6797,416.83,416.12,416.41,3998400,964294,0
417.13,417.15,416.15,416.28,1729600,987476,1
416.28,416.77,416.17,416.415,1401800,1001620,1
416.42,417.05,416.24,416.8706,1421700,1009410,1
416.85,417.42,416.72,417.33,1157700,1002802,0
417.34,417.36,416.31,416.37,1111400,1006108,0
416.39,416.72,416.02,416.0319,946400,1009570,0
416.0319,416.16,415.4,415.62,1366900,1022134,0
415.62,415.69,415.03,415.26,1105800,1027802,0
415.26,415.71,414.905,414.92,951000,1033112,0
414.92,415.1,414.45,414.865,1053500,1041992,1
414.865,415.32,414.71,415.05,757800,1046820,1
415.03,415.7,414.881,415.33,1064600,1052562,0
415.33,415.47,414.25,414.43,1045500,1063098,1
414.42,415.25,414.42,415.203,655400,1062888,1
415.203,415.55,415.04,415.26,712400,1064666,0
415.26,415.68,415.125,415.26,582600,1067436,0
415.26,415.32,414.7,414.91,653800,1068160,1
414.91,415.3068,414.75,415.06,512200,1066124,0
415.07,415.25,414.4901,414.7101,555900,1060396,1
414.73,415.15,414.575,415.06,406900,1057024,0
415.06,415.17,414.1235,414.3,621900,1059122,1
414.3,414.59,414.08,414.5893,586800,1059910,0
414.58,414.62,414.21,414.44,585800,1060614,0
414.45,414.68,414.03,414.34,418700,1056178,0
414.34,414.44,413.75,413.94,613600,1057044,1
413.95,414.345,413.7099,414.3,551800,1056164,1
414.3,414.61,414.19,414.425,544700,1044652,1
414.43,415.2699,414.3,415.255,672400,1043562,1
415.2501,415.63,415.01,415.62,615700,1035748,0
415.62,415.75,415.03,415.225,1445900,1045122,0
415.22,415.355,414.91,415.02,486200,1036192,1
415.03,415.58,414.9806,415.4699,409100,1032474,0
415.4699,415.51,415.06,415.39,487800,1023014,1
415.395,416.03,415.1,415.9,893500,1019850,1
415.9,416.89,415.89,416.63,961800,1008988,1
416.64,417.15,416.54,416.98,793200,1005428,1
416.98,417.1999,416.87,416.99,655800,998586,1
416.99,417.64,416.98,417.6,719400,993900,0
417.6,417.7,417.09,417.35,687800,989276,0
417.35,417.43,416.885,417.13,495400,983170,1
417.13,417.77,416.87,417.7401,561700,977672,1
417.7401,418.09,417.34,418.045,948900,976898,1
418.04,418.47,417.91,418.14,1076100,978772,0
418.14,418.18,417.41,417.58,889100,979326,0
417.58,417.58,416.9,417.31,674300,969002,1
417.32,417.71,417.315,417.54,511000,946984,1
417.54,417.87,417.29,417.61,657100,925028,0
417.61,417.72,417.23,417.35,572900,903622,1
417.35,417.72,417.02,417.6901,496600,856526,0
417.6901,417.92,416.9516,417.38,693600,790430,1
417.38,417.72,417.2,417.66,419700,764232,0
417.66,417.72,417.36,417.38,531500,746826,1
417.38,417.5138,417.185,417.47,363800,725668,1
417.45,418.92,417.3,418.205,1064500,723804,1
418.16,420.15,416.951,419.03,4765200,796880,0
418.99,419.87,416.41,417.84,3184000,841632,0
417.84,418.59,417.08,417.74,2022200,854738,0
417.76,417.86,416.39,416.75,1375600,860134,1
416.75,417.51,415.7,417.12,2014200,881398,1
417.14,419.37,416.835,418.86,1815500,896638,0
418.85,419.3,414.41,414.76,4936400,980210,1
414.76,417.3,414.12,416.645,4260300,1044124,1
416.645,420.482,416.06,419.5,5324500,1129704,1
419.51,422.85,419.5,421.75,4871400,1214024,1
421.75,423.82,421.37,423.75,3712600,1274028,0
423.75,424.25,423.1,423.7,3021200,1322800,1
423.71,424.58,423.08,423.9099,2939500,1368514,1
423.9099,424.9,423.6,424.69,2421700,1406704,1
424.69,425.88,424.68,425.75,2322100,1442028,0
425.745,426.6,424.88,425.26,3093700,1495764,1
425.26,426.21,425.115,426.13,2246400,1528254,1
426.13,427.09,426.09,427.01,2008600,1556690,1
427.01,428.35,426.96,428.26,2501700,1595008,1
428.26,428.509,427.65,428.27,2947800,1645590,1
428.27,428.65,427.69,428.38,3228400,1697886,1
428.38,429.16,427.8457,429.1,4496600,1776782,0
429.1,429.66,428.76,428.88,5987600,1885640,1
428.86,429.09,428.25,428.99,8360800,2039408,0
424.58,425,423.32,423.88,3509300,2097280,0
423.89,424.32,423.5,423.8,2767000,2123702,0
423.77,424.6,422.69,422.72,2377600,2161530,0
422.72,422.97,422.03,422.07,2043800,2194224,0
422.07,422.54,421.76,421.93,1905500,2222578,0
421.93,422.2304,421.11,421.565,2193600,2248580,0
421.59,421.63,420.15,420.2218,2087900,2271102,0
420.21,420.3,418.97,419.49,3159700,2318432,1
419.49,419.97,418.22,419.9115,2947200,2364260,0
419.92,420,418.86,419.63,2117300,2392218,0
419.63,419.65,417.75,418.15,2518200,2428826,0
418.15,418.85,418.03,418.1,1473600,2448390,0
418.1,418.47,417.46,417.85,1922500,2475606,0
417.845,418.29,416.86,416.905,1948300,2495594,1
416.905,417.41,416.08,417.31,2150600,2517084,0
417.32,417.62,415.68,415.78,2122400,2541750,1
415.77,416.4,415.22,415.945,2218100,2572626,1
415.945,416.79,415.81,416.77,1738500,2597176,0
416.76,417.135,415.38,415.57,1758900,2619212,0
415.6,416.015,413.99,414.54,2329900,2654352,1
414.53,414.89,414.03,414.87,1971700,2683854,0
414.8,415.38,413.83,414.53,1960400,2709190,0
414.53,414.66,413.68,413.73,1724200,2735280,1
413.7299,414.7799,413.62,414.74,1655400,2757758,1
414.74,415.59,414.17,414.83,1764000,2785762,1
414.83,416.51,414.83,415.94,1870100,2801874,0
415.94,416.3401,415.35,415.45,1301600,2732602,0
415.46,415.47,414.25,414.64,1206200,2693046,0
414.65,414.77,412.28,412.36,2281500,2698232,0
412.37,412.91,412.32,412.335,1469000,2700100,0
412.33,412.35,411.01,412.14,2375800,2707332,1
412.125,413.57,412.06,413.4,2089400,2712810,1
413.4,414.34,412.83,413.66,2491200,2663906,1
413.67,414.15,413,414.02,1464900,2607998,0
414.02,414.52,413.17,413.34,1653800,2534584,1
413.34,414.9201,413.3,414.061,1439200,2465940,0
414.061,414.81,413.75,413.92,1226300,2416214,0
413.91,413.91,412.67,413.31,1501800,2385826,0
413.305,413.34,412.41,412.82,956500,2346166,0
412.84,413.11,412.06,412.54,1388000,2325492,1
412.54,413.94,412.43,413.925,1040900,2299868,1
413.93,414.53,413.77,414.51,1203100,2262056,1
414.51,415.96,414.4899,415.39,1509400,2247316,1
415.39,416.39,415.3101,416,1387300,2234890,0
416,416.02,414.46,414.56,1134800,2207552,1
414.56,415.0946,413.86,414.72,1023900,2169074,1
414.72,415.17,414.23,414.87,792400,2120354,1
414.865,415.0345,414.12,414.9,864600,2047714,0
414.9,414.9,413.82,414.33,773300,1943428,1
414.29,415.95,414.29,414.7338,1172200,1799656,1
414.74,415.75,414.43,414.765,834700,1746164,0
414.765,415.28,414.05,414.0501,826700,1707358,0
414.0501,414.14,413.1,413.49,1057800,1680962,0
413.49,413.65,412.83,413.45,886800,1657822,0
413.45,413.6,412.67,413.04,935500,1638422,1
413.05,413.91,412.86,413.615,815100,1610852,0
413.62,413.87,412.85,413.37,824700,1585588,1
413.37,415.03,413.26,415,1164100,1545676,0
415,415.18,412.87,413.11,965000,1506032,0
413.11,413.24,411.92,411.9899,1532100,1494328,0
411.96,412.48,411.65,411.83,1490900,1473782,1
411.83,412.43,411.58,412.3,1378700,1471884,0
412.29,412.74,411.81,412.3,1204400,1457522,1
412.31,413.18,412.18,412.67,1108500,1440726,1
412.67,414.14,412.64,412.83,1528700,1428288,0
412.81,412.94,412.34,412.77,1031100,1406462,0
412.77,413.08,411.44,411.59,1591700,1393934,0
411.59,411.86,410.82,411.45,1858200,1396328,0
411.45,411.67,410.155,410.2399,1822400,1397598,1
410.2399,410.84,410.12,410.79,1826400,1387528,0
410.78,410.82,410,410.32,1751900,1383132,0
410.31,411.37,409.73,410.03,2487600,1393676,1
410.03,411.2,409.44,410.98,2652200,1412236,1
410.98,412.21,410.77,411.73,3739900,1453926,0
411.73,412.51,411.38,411.67,3079200,1480230,0
411.67,412.32,409.91,410.16,4113700,1525102,1
410.16,414.3199,410.16,412.38,8188400,1662838,1
412.38,414.31,412.35,413.88,9765100,1834016,0
411.16,411.77,409.995,410.015,3200600,1852398,0
410.02,410.05,407.86,408.02,3463700,1892292,0
408.02,409.175,407.65,407.75,2862400,1902024,0
407.75,408.15,406.0901,407.23,3112500,1922486,0
407.23,407.67,406.17,406.49,2754600,1927754,0
406.49,406.95,405.73,406.3616,2756400,1953584,1
406.3616,407.23,405.75,406.93,2757800,1975664,1
406.92,408.7485,406.88,407.0486,2936700,2005614,1
407.05,408.72,406.43,408.04,2202400,2025136,1
408.07,411.61,408.01,410.51,2981700,2054734,1
410.51,411.21,409.73,410.55,2837900,2092362,0
410.57,411.565,409.42,409.46,2117700,2106956,0
409.49,410.72,408.86,408.97,1540200,2116942,0
408.94,409.26,407.64,408.59,1679400,2126468,1
408.58,409.82,408.1399,409.19,1225200,2120784,1
409.19,412.1,408.96,411.81,1960700,2132252,1
411.83,412.52,410.88,412.48,1515400,2139864,1
412.48,413.48,411.9,412.77,2105000,2161486,0
412.735,413.06,411.66,411.92,1231500,2170268,1
411.92,412.39,411.45,412.07,983700,2172650,1
412.085,412.93,411.08,412.92,1021400,2177612,1
412.92,413.9,412.64,413.22,1436400,2182896,1
413.22,414.8,412.905,414.44,1688400,2199970,0
414.44,414.5,413.47,413.73,1430300,2212042,0
413.73,413.96,411.74,411.91,1988200,2230650,0
411.91,411.96,410.23,410.37,1428800,2241490,1
410.37,411.19,409.6,410.78,1333700,2249454,1
410.79,410.98,410,410.82,917800,2251508,0
410.82,411.79,410.0739,410.17,1183800,2258690,0
410.19,410.68,409.5301,409.89,751200,2250432,1
409.89,411.57,409.53,411.54,1128200,2253696,1
411.54,413.12,411.41,411.8,1364900,2250352,0
411.8,411.88,409.93,410.235,1102200,2242578,0
410.235,411.08,409.7,409.7977,946300,2233930,1
409.7977,412.2,409.71,411.515,995500,2229752,1
411.53,412.22,411.15,411.81,914300,2225868,1
411.81,412.53,411.07,412.47,756200,2210418,0
412.47,412.84,410.85,411.86,917100,2208138,1
411.86,412.38,411.34,412.23,762300,2191550,0
412.23,412.7,412.03,412.1,655500,2167496,1
412.1,413.18,411.21,412.65,958100,2150210,1
412.65,413.98,412.48,413.78,1226200,2138206,1
413.79,414.36,413.18,414.19,1221800,2127604,0
414.19,414.19,412.71,413.24,1040000,2098652,0
413.27,413.52,412.58,412.65,983600,2065280,0
412.64,412.96,411.16,411.26,1156800,2013618,1
411.26,412.6,411,411.88,935900,1970752,1
411.88,412.61,411.24,412.07,1066000,1909798,1
412.07,412.79,411.89,412.5,906500,1764160,0
412.49,412.94,410.82,411.335,1174700,1592352,1
411.31,412.2,410.69,411.67,1203700,1552414,0
411.67,412.125,410.82,411.315,832100,1499782,0
411.315,411.53,409.87,410.07,1003500,1462604,1
410.08,410.28,409.79,410.11,683100,1414016,0
410.11,410.75,409.65,409.86,1151700,1381958,0
409.84,409.84,408.59,408.63,1297300,1352776,1
408.63,409.89,408.59,409.47,1201400,1321648,0
409.47,410.24,409.31,409.38,942400,1281762,0
409.36,409.75,408.88,409.15,961700,1256948,0
409.15,409.25,408.3228,408.77,1300000,1223314,0
408.73,409.2,407.97,408.325,1600200,1198560,0
408.31,408.76,407.89,408.27,1030500,1176816,0
408.27,408.91,407.97,408.03,927100,1164554,1
408.04,409.47,407.8,409.31,1211200,1155190,1
409.32,410.39,409.18,410.215,1581900,1162324,0
410.22,410.64,408.88,408.9399,1339900,1149908,1
408.915,409.28,408.31,409.14,1231000,1144220,0
409.14,409.44,407.79,408.14,1237300,1126866,1
408.125,408.89,408.04,408.17,938400,1121004,1
408.17,408.66,407.66,408.53,1478900,1130908,0
408.53,408.61,407.45,407.6037,1289000,1136260,1
407.6037,408.94,407.36,408.625,1661700,1140766,1
408.625,409.8317,408.57,409.55,1948500,1145968,1
409.55,412.06,409.48,411.8401,3731400,1191990,0
411.85,412.18,410.8,411.091,3101600,1214258,1
411.091,412.61,410.62,411.91,2863400,1242950,0
411.91,412.98,411.35,411.385,2969600,1275668,0
411.385,411.72,410.9,411.38,5057400,1358460,0
405.2,405.74,404.06,405.08,3513100,1405046,1
405.08,406.41,404.4,405.715,3464600,1459314,0
405.7,405.91,404.445,405.49,2709900,1490948,0
405.49,405.49,403.27,404.01,2358600,1510822,1
404.03,406.05,403.52,405.78,2294400,1534666,0
405.78,405.88,404.47,405.18,1523000,1546200,0
405.18,405.46,403.88,404.49,1994200,1566174,0
404.49,404.83,402.93,402.98,1335800,1574604,1
402.99,404.87,402.9601,404.31,1615700,1591794,0
404.33,404.91,403.3501,403.64,1375800,1600968,0
403.64,404,402.66,402.6899,1448300,1614688,0
402.6899,403.33,402.26,402.46,1668400,1634946,1
402.45,402.81,401.86,402.6,1778200,1651348,0
402.58,402.73,401.19,401.24,1441300,1655650,1
401.24,402.57,401.21,402.3801,1875700,1668728,1
402.3801,403.13,402.17,402.61,1396400,1675856,0
402.61,403.04,401.31,401.3218,1202800,1680240,0
401.3218,402,400.72,400.9633,1704300,1691190,1
400.96,401.69,400.73,401.28,1762800,1707728,0
401.28,401.28,400.41,401.1725,1885000,1724108,0
401.13,401.74,400.586,400.92,983100,1725640,1
400.92,401.81,400.84,401.11,1384200,1729830,0
401.11,401.15,400.35,400.57,1226600,1730288,0
400.56,400.64,399.9,400.125,1859500,1750836,1
400.125,400.47,399.34,400.35,2338100,1777528,1
400.35,401.59,400.13,401.58,1793000,1799726,0
401.58,402.14,401.06,401.46,1445100,1805594,0
401.46,401.97,401.17,401.39,864900,1796946,1
401.39,402.33,401.3603,402.135,1381600,1800550,0
402.135,402.51,401.59,401.9,998300,1801668,0
401.9,401.92,400.64,400.9233,1128000,1804994,1
400.9233,403.15,400.8,402.411,1523200,1809458,1
402.411,403.57,402.411,403.335,1338000,1804214,1
403.3225,404.15,403.27,403.55,1469800,1813000,1
403.55,404.04,402.92,403.69,1182000,1818098,0
403.69,403.99,402.63,403.2,883200,1811538,1
403.19,403.91,402.57,403.4,1024400,1800388,0
403.4,403.41,401.77,401.79,1096900,1795528,0
401.78,402.16,401.47,401.59,801000,1786928,0
401.59,401.68,401.08,401.36,915900,1780500,0
401.36,401.4,400.77,400.88,755400,1776840,0
400.88,401.25,400.68,400.72,712700,1761516,0
400.72,401.0809,400.4001,400.54,787300,1751482,1
400.54,400.91,400.41,400.68,743200,1733112,0
400.68,400.68,400.101,400.23,898100,1712104,1
400.23,401.17,400.13,400.91,921200,1655900,0
400.91,400.91,400.25,400.58,785700,1609582,1
400.58,401.82,400.56,401.58,1301200,1578338,0
401.58,401.955,400.29,400.34,1342000,1545786,0
400.32,400.4,399.83,400.23,1031400,1465266,1
400.22,401.68,400.115,401.49,1084600,1416696,0
401.49,401.86,400.81,400.9601,980500,1367014,0
400.9601,401.1,399.41,399.78,1379000,1340396,1
399.78,400.96,399.63,400.54,1025300,1313730,1
400.54,401.32,400.48,400.85,1032400,1288490,0
400.85,401.18,400.04,400.41,898200,1275994,1
400.43,401.15,400.11,400.415,798800,1252086,1
400.4,401.56,400.4,401.39,941500,1244200,0
401.39,401.43,400.02,400.185,817700,1228240,0
400.19,400.33,399.612,400.1,1328200,1227288,0
400.09,400.23,399.11,399.77,1485600,1228034,1
399.77,400.75,399.63,399.965,1618700,1227040,1
399.97,400.39,399.71,399.97,1044400,1212364,1
399.96,401.139,399.91,400.03,1615200,1215842,1
400.03,400.94,399.34,400.6,1468900,1207706,1
400.59,401.62,400.58,401.27,1432900,1208436,0
401.27,402.28,400.81,401.06,1977300,1223926,1
401.06,402.42,400.78,401.12,1702300,1223886,1
401.12,402.51,400.9975,402.3487,1878100,1226192,0
402.33,402.58,400.1,401.43,1331400,1215120,0
401.41,401.41,399.84,399.97,1340700,1222272,0
399.96,400.16,399.24,399.69,1561900,1225826,0
399.69,399.69,398.67,399.27,2068100,1242656,1
399.27,399.62,398.75,399.33,1922400,1243914,0
399.33,399.41,398.3,398.5002,2636600,1249884,0
398.5002,398.7905,397.37,397.68,2963700,1273298,0
397.67,397.84,396.5,397.36,5349200,1351380,1
397.36,398.99,397.34,398.23,8000400,1494090,1
404.5,406.08,404.46,404.76,3724300,1540944,0
404.77,404.77,403.44,404.34,2283400,1566646,0
404.34,404.43,403.31,403.42,1330300,1570692,0
403.42,403.42,401.9,402.11,1755000,1575328,1
402.11,403.2,401.85,402.9,1667900,1581926,1
402.9,404.16,402.7,404.14,1827900,1589088,1
404.16,404.54,403.17,404.41,1552500,1596498,0
404.41,405.04,403.95,404.09,1356400,1605962,0
404.09,404.74,402.97,403.39,1321900,1611912,1
403.36,404.26,403.25,403.7,1052800,1611030,0
403.7,404.19,402.32,403.026,1117400,1617358,0
403.026,403.14,401.86,402.455,1287700,1624794,0
402.51,402.79,401.555,401.95,1178700,1633260,0
401.95,402.01,400.76,400.85,1040300,1639812,0
400.85,400.9532,399.9,400.77,1467100,1653408,0
400.77,400.77,398.86,399.22,1856300,1675670,1
399.2,399.99,398.34,399.79,1953500,1696778,0
399.78,399.87,398.84,398.95,1325800,1704870,0
398.95,399.86,397.91,398.35,1663200,1722420,0
398.35,398.42,396.9704,397.12,1770800,1731812,0
397.11,397.69,396.49,396.51,1923500,1743442,1
396.51,398.21,396.16,398.15,2038900,1763592,0
398.15,398.23,396.66,396.825,1569300,1773286,1
396.82,397.4,395.9,397.3361,1606800,1785812,0
397.3361,397.72,395.92,396.8101,1594000,1790112,1
396.8101,398.8,396.72,398.63,1274200,1795090,0
398.63,398.98,397.46,398.02,1381400,1802070,0
398.01,398.07,396.81,397,967400,1803454,1
396.98,397.18,396.05,397.1,1035700,1808192,1
397.1,397.875,395.77,397.41,1616700,1821696,1
397.41,398.49,397.02,398.45,1440000,1834142,0
398.44,398.5,396.37,396.49,1169800,1830974,1
396.49,397.6228,396.13,396.88,1113500,1823532,0
396.88,397.81,396.38,396.4302,719900,1805556,0
396.4,396.92,396.02,396.25,826600,1801200,1
396.25,396.83,396.02,396.39,815100,1785198,0
396.39,396.95,394.82,395.33,1653600,1788892,1
395.32,396.15,395.18,395.49,953800,1779310,1
395.49,396.55,395.25,396.33,953900,1758842,1
396.33,397.65,396.14,397.07,1353700,1751870,0
397.02,397.03,395.62,395.83,869500,1731698,1
395.79,396.36,395.62,395.95,653000,1718130,1
395.95,397.53,395.63,397.155,1290300,1717122,1
397.155,398.03,397.1144,397.58,1190100,1709686,0
397.58,397.75,396.64,397.13,1147100,1691266,0
397.13,397.57,396.27,396.69,866200,1670142,1
396.69,397.19,396.1,396.9043,986400,1637138,1
396.9043,398.57,396.9043,398.52,1215000,1602164,1
398.49,399.53,398.49,399.48,1538200,1525944,1
399.4735,400.75,399.4735,400.65,1841700,1402770,1
400.65,401.82,400.56,401.3285,1569200,1359668,1
401.3285,402.55,401.29,402.445,1333100,1340662,0
402.45,402.67,401.6802,402.36,1224300,1338542,1
402.36,403.14,402.06,403.07,999700,1323436,0
403.07,403.26,402.28,402.96,1453100,1319140,0
403.02,403.18,401.845,401.91,1316100,1308904,1
401.91,403.11,401.66,402.87,1008500,1298024,0
402.86,402.95,400.47,401.88,1437800,1299652,0
401.88,402.36,400.85,401.06,1033000,1293874,0
401.06,401.249,399.88,400.7052,1675600,1306330,0
400.7052,401.06,400.25,400.5763,821800,1300418,1
400.57,401.4774,400.5,400.65,959800,1293860,1
400.65,402.32,399.97,402.07,1096100,1292208,0
402.07,402.2,400.27,401.2,1031400,1292030,1
401.2,401.83,400.76,401.64,911300,1280914,0
401.64,401.79,400.18,401.33,1215600,1268100,1
401.33,402.14,400.84,401.62,1694900,1262928,0
401.62,402.78,401.37,401.54,1115200,1258716,1
401.54,402.25,401.24,401.6801,908100,1243614,1
401.66,402.33,400.94,401.74,1088100,1229960,0
401.74,401.89,400.09,400.3,1148400,1214458,0
400.3,400.5238,399.37,399.77,1413900,1201958,0
399.7699,399.7899,398.7699,399.3899,1790900,1206390,0
399.39,399.68,398.2599,398.7199,1546800,1205190,0
398.7,398.86,398.2,398.4099,1611900,1205548,1
398.41,399.66,398.08,399.09,2381100,1227686,1
399.07,399.61,398.28,399.38,4483100,1289720,0
399.37,399.54,398.61,399.08,5123600,1372844,0
397.99,399.69,395.22,397.13,4177300,1435676,1
397.12,397.82,396.21,397.245,2763700,1458616,1
397.195,400.59,396.57,400.47,2991100,1489638,1
400.47,402.825,399.82,402.3102,2570900,1517660,1
402.33,403.17,401.69,402.4,2574800,1546886,0
402.4,402.4,400.61,402.26,1824400,1568976,0
402.26,402.46,400.8,402.15,2214600,1596736,0
402.17,402.247,399.86,400.034,1704600,1614526,1
400.08,401.77,399.6,401.02,2344400,1628342,1
401.04,401.88,400.29,401.65,1675900,1642784,1
401.65,403.42,401.1,402.98,2397300,1671652,0
402.98,403.3,401.94,402.68,1406000,1672698,0
402.68,403.08,401.37,401.93,1072400,1676756,1
401.93,403.54,401.2,403.14,1505400,1693804,1
403.13,403.91,402.81,403.77,1233100,1692660,0
403.77,404.04,402.51,402.76,1073900,1690336,0
402.71,402.75,400.79,401.461,1358800,1694570,0
401.461,401.8743,400.82,401.45,1122200,1699690,0
401.45,401.66,400.35,401.09,1114400,1702250,0
401.09,401.32,400.38,400.67,802400,1693998,1
400.69,401.76,400.49,401.535,748900,1678212,0
401.55,401.745,399.56,400.04,1175200,1664882,1
400.04,401.33,399.93,401.0865,995300,1653404,1
401.07,402.03,400.66,401.91,1242400,1651590,1
401.925,402.43,401.44,401.95,1001400,1647132,1
401.96,403.8,401.5204,403.14,1325000,1653638,0
403.14,403.625,402.75,402.89,916300,1642902,0
402.89,403.08,402.05,402.24,646200,1629504,0
402.22,402.36,401.25,401.57,745600,1624246,0
401.57,401.61,400.84,401.39,580200,1607094,0
401.34,401.4,400.45,400.82,664200,1599718,0
400.82,401.44,400.59,400.6501,614400,1578494,0
400.6501,400.875,399.96,400.55,991100,1581880,0
400.53,400.84,399.85,399.91,709000,1576864,1
399.91,401.68,399.77,401.45,981900,1574580,0
401.45,401.62,398.7,398.86,1387200,1581696,0
398.84,399.13,398.34,398.78,1395100,1591372,1
398.78,399.55,398.66,399.025,1192300,1590906,0
399.025,399.75,398.1,398.47,1003900,1577086,1
398.475,398.93,398,398.7984,1122300,1577228,0
398.81,398.84,397.53,397.56,807500,1575216,0
397.56,397.77,396.83,396.98,1247600,1578406,0
396.98,397.1,396.3,396.3801,1504100,1585520,0
396.3801,396.5001,395.65,396.05,1866700,1594576,1
396.05,396.76,395.93,396.18,1018600,1579130,1
396.18,396.91,396.17,396.3,845100,1565096,1
396.3,396.97,395.51,396.73,1211800,1557094,0
396.75,397.03,395.47,395.61,1162800,1532728,1
395.61,396.31,395.27,396,1215500,1467376,0
396,396.4,394.92,394.98,1016400,1385232,0
394.98,395.09,394.57,394.63,1150300,1324692,0
394.63,394.66,393.76,394.54,1764400,1304706,0
394.535,394.94,393.98,394.27,1206800,1269020,0
394.26,394.69,393.25,393.52,1637000,1250342,1
393.52,395.34,393.44,395.34,1970800,1238262,0
395.32,395.46,394.25,394.32,1076200,1223298,1
394.31,395.08,393.92,395.02,827000,1195546,1
395.015,395.93,394.59,395.44,1461600,1190686,1
395.45,396.46,394.58,396.29,1411000,1172018,0
396.3,397.34,395.7,396,1889900,1176298,1
396,397.04,395.35,397.0035,1579200,1159936,0
397.025,397.39,396.45,396.97,1131900,1154454,1
396.98,397.98,396.17,397.9,1413500,1161276,0
397.9,398.16,396.4,396.6,1247100,1156110,0
396.6,396.86,395.34,395.63,1125400,1153956,0
395.62,396.07,395.17,395.33,935500,1151188,0
395.33,395.52,394.56,394.61,1294200,1149896,1
394.58,395.32,394.18,395.18,1170600,1150864,0
395.14,395.75,394.55,394.81,1266400,1153904,1
394.81,395.5,393.93,394.94,1534100,1168538,0
394.95,395.225,394.24,394.41,1404500,1181650,1
394.41,395.4226,394.31,394.69,1149700,1181140,0
394.69,395.22,394.25,394.391,1559500,1192424,0
394.391,394.43,393.19,393.33,2228900,1212154,1
393.3,393.81,393.09,393.37,1944700,1231020,0
393.37,393.37,392.4,392.48,3019400,1264908,0
392.45,392.96,391.96,392.46,4241600,1331414,1
392.45,392.83,392.08,392.77,5198100,1422452,0
389.58,390.65,387.96,387.99,4084100,1489222,0
387.99,388.91,387.11,387.38,2536900,1528356,1
387.38,389.46,386.92,389.05,2423200,1563536,1
389.06,391.28,388.4,389.59,2374500,1598738,1
389.59,390.59,388.6606,390.05,1805100,1615018,0
390.05,390.05,387.94,388.6,2021200,1641262,0
388.6,388.68,387.33,388.38,1819200,1658008,1
388.38,391.4,388.3,391.05,1768200,1665628,1
391.05,392.75,390.7,391.85,2760900,1692944,0
391.85,392.36,390.77,391.64,1708100,1703260,1
391.64,393.74,391.21,393.28,1891400,1721010,0
393.26,393.42,391.59,391.9898,1651400,1731592,0
392.04,392.7,390.79,391.31,1543800,1746318,1
391.31,392.56,390.89,392.411,1202100,1745408,0
392.4242,392.5,390.78,391.26,1270300,1740732,1
391.27,392.48,390.87,392,959500,1722588,1
392,393.38,391.91,393.29,1036000,1722936,1
393.29,394.24,393.07,394.02,1480800,1735650,1
394.02,394.7,393.01,394.66,1588100,1743176,1
394.66,395.61,393.91,395.59,1261400,1745148,0
395.6,395.8,394.04,394.08,1275800,1746354,0
394.08,394.29,393.4311,393.89,909000,1744206,0
393.89,394.18,392.72,392.89,893200,1739064,1
392.93,393.52,392.58,392.9859,806500,1719906,0
393.01,393.35,391.416,391.96,1239600,1720562,1
391.96,392.83,391.59,392.74,1122500,1710272,0
392.74,392.77,391.34,391.41,1129700,1693450,0
391.41,391.55,390.28,390.3451,1100500,1693936,0
390.35,390.35,389.17,389.63,1410700,1705610,0
389.62,389.71,388.66,388.697,1426400,1704906,1
388.697,389.01,388.16,388.955,1590600,1708498,1
388.945,389.45,388.41,389.19,1103600,1692772,0
389.19,389.71,388.27,389.1472,993200,1681052,1
389.125,389.58,388.26,389.195,994200,1678298,1
389.195,390.07,388.695,389.9193,907600,1668180,1
389.9193,390.83,389.72,390.5099,1126200,1665762,1
390.51,391.81,390.44,391.65,907800,1661410,0
391.65,391.94,390.97,390.97,911900,1660938,1
390.97,392.09,389.79,392.09,1180800,1658670,0
392.09,392.36,390.95,391.29,815100,1651560,0
391.2403,391.65,390.64,391.22,743800,1641108,0
391.22,391.82,390.27,390.47,584400,1622114,0
390.47,391.1,389.58,389.75,866500,1611354,0
389.76,389.97,389.16,389.62,686900,1602098,1
389.62,390.6,389.34,389.6807,653800,1583984,0
389.68,390.33,388.82,389.04,739200,1554190,1
389.04,389.91,388.88,389.31,552100,1526338,1
389.31,389.6,388.67,389.34,441800,1474786,0
389.34,389.7617,388.25,388.64,771800,1405390,0
388.65,388.98,387.72,387.845,811500,1317658,0
387.845,388.06,387.52,387.67,713300,1250242,0
387.67,387.87,386.54,386.59,1012000,1219744,1
386.59,387.05,386.54,386.73,861800,1188516,1
386.73,387.64,386.34,387.04,1062400,1162274,1
387.04,387.96,386.84,387.545,1300600,1152184,0
387.545,387.57,386.0577,386.1,991300,1131586,1
386.1,386.77,386.02,386.66,785100,1110904,1
386.64,387.33,386.34,387.1905,763600,1090812,0
387.1905,387.76,386.37,386.68,744200,1050478,1
386.6675,387.34,386.25,386.96,1353300,1043382,0
386.96,387.17,385.6557,386.22,1235000,1030254,0
386.22,386.24,385.38,385.515,980400,1016834,1
385.515,385.87,385.155,385.62,967800,1005314,0
385.61,386.32,385.485,385.57,1039100,1002054,1
385.58,386.47,385.15,385.86,1004000,996728,0
385.86,386.17,385.38,385.7349,779300,993124,1
385.7349,387.01,385.48,386.91,1385200,1000108,0
386.96,387.08,385.8,386.2,952100,989534,1
386.22,386.29,385.37,386.23,1128800,980348,1
386.23,388.16,386.17,387.88,1922800,993576,1
387.88,389.92,387.67,389.34,3082600,1029712,0
389.34,390.35,388.05,388.17,2480100,1061134,1
388.17,389.98,388.09,389.1,1820400,1079678,1
389.06,389.88,388.43,389.78,1660600,1096760,0
389.78,390.8,388.99,389.53,2084100,1113650,0
389.53,390.46,389.11,389.47,1828800,1127776,1
389.47,391.55,389.47,390.36,4733500,1199852,1
390.36,392.58,390.15,392.39,4451500,1266872,1
396.73,397.32,396.16,396.2,2800200,1294662,1
396.19,397.53,395.61,396.92,1992600,1305986,1
396.92,397.68,396.2699,397.6,1390700,1301988,0
397.6,397.97,396.73,397.1,1174100,1303398,1
397.1,399.07,397.1,398.9299,1643200,1316398,0
398.94,399.04,398.21,398.64,1215700,1320828,1
398.64,399.98,398.4601,399.74,2425400,1351184,0
399.74,399.895,399.07,399.73,1821200,1365084,1
399.73,400.22,399.29,399.759,1859700,1384122,1
399.759,399.97,399.22,399.87,1311000,1392104,1
399.87,401.19,399.8,401.12,1523800,1398964,0
401.12,401.49,400.86,400.98,1424800,1411158,1
400.97,401.35,400.87,401.28,1048600,1417254,0
401.28,401.45,400.75,401.08,935500,1424276,0
401.08,401.17,399.9536,399.98,1120100,1429348,1
399.98,400.475,399.35,400.14,1248100,1440572,1
400.135,401.1112,399.995,401.1,774400,1442984,0
401.105,401.31,400.69,400.89,811700,1444434,0
400.89,401.03,400.255,400.595,942100,1452234,1
400.6,401.15,400.57,401.02,630000,1455998,0
401.02,401.19,400.735,400.99,817600,1456914,0
400.9901,400.9901,400.2801,400.5601,816000,1457004,1
400.55,401.4401,400.5201,401.2,802000,1458778,1
401.2,401.63,400.98,401.55,1019000,1458918,0
401.5601,401.7501,401.05,401.4001,834100,1458364,1
401.42,401.79,401.23,401.6201,706600,1451248,0
401.62,401.6909,400.79,401.25,802900,1441294,0
401.26,401.2701,400.8,401.01,547000,1432408,1
401.01,401.67,400.91,401.62,571700,1428140,0
401.6,401.7,401.35,401.57,507100,1423010,1
401.58,402.05,401.4401,402,644100,1421008,1
402,402.71,401.985,402.71,894400,1411830,1
402.71,403.18,402.48,402.9101,885100,1404832,0
402.92,403.03,402.511,402.525,880700,1402838,0
402.525,402.67,402.1,402.2873,810600,1399694,0
402.3,402.3,401.77,402.2489,600600,1390924,1
402.2489,402.77,402.24,402.495,704100,1384926,1
402.48,402.66,402.41,402.545,502500,1379390,0
402.5474,402.78,402.33,402.39,501400,1361714,0
402.39,402.46,401.78,401.8082,671800,1356108,0
401.8,401.82,400.691,401.185,949600,1352524,1
401.185,401.79,401.185,401.76,572000,1325508,1
401.76,402.17,401.55,401.89,596500,1275786,0
401.8955,401.91,401.21,401.38,725200,1240688,1
401.38,401.7,401.09,401.536,811400,1220508,0
401.55,401.55,400.89,401.0401,674800,1200792,1
401.05,401.31,400.6,401.29,785200,1174814,0
401.29,401.56,400.84,400.88,700000,1152238,1
400.88,401.325,400.77,401.2699,592600,1069420,0
401.2699,401.3,400.58,400.62,747500,995340,0
400.62,400.65,399.91,400.12,1090200,961140,1
400.1,400.39,399.68,400.33,733700,935962,0
400.3101,400.42,399.78,400.005,691500,921978,0
400.0098,400.04,399.12,399.35,1175200,922000,0
399.35,399.35,397.48,397.71,1762700,924390,1
397.69,398.48,397.18,398.33,1659900,933274,0
398.33,398.76,397.9237,398.01,960700,903980,1
398.01,398.71,397.72,398.71,757500,882706,0
398.71,398.76,397.65,397.97,729900,860110,1
397.97,398.25,397.54,398.14,790500,849700,1
398.14,399.71,398.11,398.8901,1350400,846232,0
398.9,399.0567,398.25,398.63,670900,831154,1
398.6099,399.315,398.37,399.17,680900,823800,0
399.18,399.2385,398.35,398.74,656000,818210,1
398.735,400.5299,398.62,400.525,1057600,816960,1
400.525,400.6,400.16,400.55,883900,809676,0
400.56,400.99,400.32,400.35,829200,810772,1
400.35,401.2165,400.35,401.18,758700,809712,1
401.19,401.75,401.06,401.7199,813800,807146,1
401.72,402.14,401.36,401.865,902100,812588,1
401.875,402.14,401.44,401.97,1081000,817856,1
401.97,402.42,401.68,402.37,913100,819798,0
402.37,402.55,400.6599,400.82,1530000,834358,1
400.79,401.59,400.27,400.9605,1613300,846244,1
400.9605,401.81,400.85,401.545,2006000,869682,0
401.545,401.98,400.6,401.18,1808600,891722,0
401.18,401.66,399.88,400.96,3117800,938020,1
400.96,401.77,400.5399,401.69,4256900,1012218,0
400.04,400.88,399.43,399.97,2184400,1044472,1
399.99,401.09,399.1619,401.07,1604700,1066424,0
401.07,401.29,399.43,399.54,1434000,1082222,0
399.54,399.79,397.71,398.0336,1710500,1098544,1
398.0336,399.31,397.6,399.02,1410200,1109046,0
399.02,399.53,398.38,398.7241,797500,1107382,0
398.7241,398.9899,397.65,398.6,905700,1109284,1
398.6,400.1,398.4,400.04,1255600,1122384,0
400.04,400.83,399.68,400,1089000,1130082,1
399.98,401.0241,399.91,400.64,701100,1134054,1
400.64,401.33,400.57,400.85,890900,1141844,1
400.81,401.79,400.29,401.59,1013200,1148672,0
401.59,401.75,399.81,400.0886,942100,1148522,1
400.0886,400.58,399.87,400.44,754000,1152162,0
400.42,400.48,399.551,400.2299,722700,1154686,0
400.2299,400.2299,398.89,398.98,731900,1154820,0
398.98,399.32,398.63,398.87,559000,1149772,0
398.87,398.99,398.36,398.52,733400,1150944,1
398.54,398.85,398.08,398.62,803800,1151316,1
398.595,399.16,397.98,399.06,1191800,1161152,0
399.08,399.34,398.67,398.945,743100,1164162,1
398.945,399.82,398.82,399.44,646800,1162148,0
399.44,399.49,398.7789,399.2018,535300,1151050,0
399.2018,399.3,398.731,399.0952,435800,1145092,1
399.0952,399.68,398.52,399.67,626300,1143788,1
399.65,399.99,398.32,399.86,692600,1134136,1
399.86,400.6,399.08,400.52,722100,1113324,1
400.52,400.95,400.25,400.82,835700,1096840,1
400.83,401.45,400.36,401.44,836700,1094360,0
401.44,401.71,401.15,401.43,561200,1090434,1
401.43,402.079,401.23,401.56,638300,1088602,0
401.56,401.58,400.61,400.9244,726200,1087316,0
400.9244,401.04,400.49,400.5799,455300,1069414,0
400.5801,400.725,400.04,400.48,363300,1063262,0
400.46,400.57,399.93,400.15,280500,1055254,1
400.15,400.57,399.89,400.3523,331000,1048754,1
400.36,400.77,400.031,400.54,556400,1038730,0
400.5434,401.1,399.76,399.83,591600,1032884,0
399.83,399.99,399.51,399.67,315500,1022610,1
399.67,400.48,399.4302,400.44,524200,1017920,0
400.46,400.56,399.56,399.71,590500,1013454,1
399.69,400,399.43,399.85,316600,1001744,1
399.85,400.17,399.34,400.16,373600,987596,1
400.16,400.77,399.85,400.72,402400,977382,1
400.72,401.5,400.5,401.26,539900,957580,0
401.26,401.44,400.38,400.51,605500,937424,1
400.51,401.91,400.39,401.55,590800,909120,1
401.56,402.3099,401.375,402.17,627500,885498,1
402.17,402.58,402.17,402.3875,696000,837062,0
402.37,402.57,402.03,402.29,532200,762568,1
402.27,402.81,401.63,402.4399,703200,732944,0
402.4399,402.49,401.79,401.8893,511300,711076,1
401.8893,402.3,401.71,401.93,412500,690646,1
401.94,402.35,401.7776,402,476600,665968,1
402,402.38,401.49,402.32,613000,650024,1
402.32,403.04,402.26,402.89,840500,650884,0
402.89,402.89,402.18,402.4784,494900,642668,1
402.4441,402.82,402.15,402.48,603100,629618,1
402.48,402.955,402.35,402.9299,554800,618934,1
402.9299,403.63,402.65,403.5532,915900,623230,1
403.56,403.97,403.47,403.64,1150700,628426,0
403.66,403.69,403.13,403.495,979900,627760,0
403.5,403.81,403.09,403.165,862700,626172,0
403.165,403.39,402.57,402.65,693600,624964,1
402.65,403.115,402.32,402.72,586400,622238,1
402.68,403.19,402.59,402.9999,417700,615954,1
402.9999,403.15,402.57,403.045,496600,614706,0
403.05,403.37,402.52,402.5481,566700,611372,0
402.5481,402.5481,401.33,401.55,1089600,617088,0
401.55,401.8505,400.96,401.35,823900,609730,0
401.34,401.34,400.625,400.93,712500,609118,1
400.955,401.26,400.8,401.01,624800,608678,0
401.01,401.33,400.29,400.4,1220000,622372,1
400.39,400.74,399.97,400.46,1206500,637786,0
400.46,400.71,399.851,399.95,1073200,646724,0
399.9455,400.07,399.53,399.92,1545500,663782,1
399.92,400.94,399.92,400.275,2277900,694898,0
400.275,400.44,399.32,400.22,4437000,766924,1
406.51,406.63,405.53,406.12,2096700,792124,0
406.11,406.14,405.21,405.59,1567200,812244,1
405.6,406.27,405.28,405.75,1828800,836054,0
405.74,406.08,404.87,404.8799,1076200,843054,0
404.87,405.61,404.59,404.65,778100,849510,1
404.65,405.27,404.4,405.195,921200,860668,1
405.18,406.15,405.17,405.89,971900,874496,0
405.89,406.0524,404.79,404.89,807500,884026,1
404.89,405.24,404.59,405.12,941600,891730,1
405.13,405.7217,404.94,405.65,595500,891808,0
405.66,405.82,405.04,405.41,636500,898228,0
405.4,405.62,404.12,404.23,708700,901918,1
404.22,404.72,404.05,404.385,753900,905186,0
404.39,404.41,403.59,403.72,870100,916256,0
403.72,403.75,403.11,403.23,1032300,929430,0
403.23,403.37,402.5824,403.21,1106500,943512,1
403.19,403.44,402.79,403.295,717700,947068,1
403.295,403.84,403.16,403.79,919100,953340,1
403.81,404.41,403.65,404.38,712800,955780,0
404.39,404.48,404.01,404.245,562700,954484,1
404.26,404.47,404.04,404.32,555700,951678,1
404.3,404.6674,403.73,404.465,765400,956342,1
404.465,404.8594,404.34,404.65,408100,950440,1
404.65,405.36,404.59,405.19,541200,951038,1
405.2,406,405.2,405.87,676800,956324,0
405.87,406.03,405.56,405.66,553000,957852,0
405.67,406.01,405.32,405.37,689400,959380,0
405.375,405.575,405.0107,405.1623,624900,955068,1
405.1623,405.8,405.16,405.633,401000,953190,0
405.633,405.633,405.25,405.4599,371800,948564,1
405.45,405.63,405.14,405.57,496400,947396,0
405.55,405.56,404.621,405.06,566300,940404,1
405.06,405.242,404.59,405.0924,353700,924464,1
405.0924,405.8,404.99,405.4745,439100,913648,1
405.4745,405.68,405.29,405.63,339500,903184,1
405.63,406.18,405.46,405.85,595700,901226,1
405.85,406.13,405.635,406.0505,533700,900172,1
406.0505,406.34,406.01,406.11,492400,901666,1
406.11,406.56,405.94,406.465,612600,903986,1
406.46,406.92,406.36,406.5228,790000,908452,0
406.5228,406.6,406.13,406.295,608800,898836,0
406.295,406.34,406.0265,406.2354,385300,890064,0
406.24,406.25,405.46,406.01,607800,887970,1
406,406.63,405.955,406.41,489100,885256,1
406.44,406.9,406.32,406.765,399100,868838,1
406.77,407.15,406.77,406.96,575500,856218,0
406.955,407.1,406.51,406.57,506900,844892,0
406.57,406.88,406.39,406.46,500700,823996,1
406.463,406.87,406.42,406.66,549500,789428,1
406.66,406.937,406.46,406.775,357500,707838,0
406.77,406.87,406.41,406.675,500100,675906,1
406.675,406.78,406.291,406.76,425700,653076,0
406.7799,406.845,406.62,406.68,325900,623018,0
406.68,406.82,406.16,406.31,646100,614416,0
406.3,406.59,405.65,406.05,681300,612480,1
406.05,407.5,406,407.26,1103200,616120,0
407.28,407.3,404.73,405.4,1947400,635630,0
405.4,405.88,404.84,405.27,1278800,645056,0
405.25,405.26,403.5,404.58,2152300,669270,1
404.58,405.44,404.2189,404.74,1125600,679872,0
404.74,405.3,404.09,404.21,1017300,687488,1
404.15,405.58,403.75,405.545,900600,691326,1
405.545,406.49,405.47,406.3006,1184400,699936,1
406.3006,407.754,406.16,407.54,1136000,705254,0
407.54,407.71,406.97,407.0071,1155500,707718,1
406.995,407.49,406.75,407.07,933400,704256,1
407.1,408.06,406.98,407.86,1143400,712770,1
407.86,408.57,407.46,407.91,1574900,725886,0
407.89,407.8933,407.394,407.73,690300,725436,1
407.73,408.18,407.53,408.08,787600,729934,0
408.08,408.37,407.71,407.96,805700,734934,1
407.9455,408.28,407.87,408.11,631400,732254,0
408.1,408.38,407.62,407.96,1037300,744838,0
407.96,408.17,407.52,407.59,833900,750692,1
407.59,408.104,407.26,407.805,1170000,760556,0
407.805,407.805,406.79,407.04,2030400,790104,1
407.01,407.8,407,407.6025,2004700,816410,1
407.6025,408.33,407.28,408.26,3580200,875516,0
403.52,403.699,402.94,403.2291,1627100,900038,0
403.22,403.8,402.26,402.52,1464100,921884,0
402.52,402.58,401.621,401.95,1181700,935590,1
401.95,402.53,401.83,402.17,847900,941222,0
402.18,402.35,401.5,401.85,877800,951704,0
401.84,401.94,400.87,401.16,1072400,964370,1
401.16,401.83,401.03,401.5396,970500,976990,0
401.525,402.12,401.029,401.08,925200,983580,1
401.08,401.8,400.88,401.75,793000,988766,0
401.73,401.99,401.24,401.43,649900,991916,0
401.43,401.93,400.9,401.34,650100,992666,0
401.34,401.75,400.44,400.45,712100,991108,0
400.45,400.77,400.19,400.38,868000,996292,1
400.38,400.44,399.93,400.43,1000900,1008604,0
400.43,400.62,400.04,400.41,718500,1010818,1
400.39,401.14,400.0829,400.77,935400,1019744,0
400.78,400.79,400.18,400.33,561100,1022984,1
400.33,400.78,400.12,400.77,608600,1023646,0
400.76,400.76,399.76,399.885,758700,1028682,0
399.89,400.06,399.28,399.35,968000,1038028,0
399.35,399.35,398.64,399.01,607400,1039186,0
399.01,399.02,398.05,398.28,1120200,1054440,0
398.28,398.29,397.29,397.36,1144800,1067334,0
397.36,397.83,396.09,397.0341,1354200,1085904,1
397.0341,397.425,396.53,397.39,1310100,1105588,1
397.39,397.87,397.27,397.44,1012900,1112924,1
397.44,398.21,397.36,398.07,932100,1117940,0
398.07,398.11,397.16,397.5201,988300,1115642,0
397.52,397.7899,396.37,396.3799,954200,1095778,1
396.38,396.92,396.29,396.5,924100,1088684,0
396.51,396.77,396.23,396.41,935900,1064356,0
396.41,396.45,395.69,395.96,930500,1060454,1
395.96,396.34,395.58,396.2403,850600,1057120,1
396.2403,396.7899,396.13,396.31,711100,1053330,0
396.32,396.47,395.22,395.29,1006100,1049764,1
395.27,395.88,395.26,395.64,714900,1041342,1
395.64,396.13,395.34,396.06,687400,1031980,1
396.06,396.44,395.78,396.305,842000,1030152,0
396.305,396.31,395.66,395.7789,716900,1021622,1
395.77,396.62,395.61,396.62,871000,1007544,1
396.61,397.06,396.53,396.99,1014300,1014024,1
396.99,397.16,396.57,397.05,634400,1010960,0
397.05,397.05,396.1,396.195,833200,1011510,0
396.1999,396.1999,394.815,394.92,1095500,1020792,0
394.92,395.08,394.44,394.55,1069200,1021430,0
394.55,394.65,393.95,394.05,1107800,1026908,1
394.05,394.73,394.05,394.25,1205700,1027622,1
394.25,394.51,393.941,394.3699,752500,1002064,1
394.36,394.65,394.045,394.6,937000,980710,1
394.6,394.94,394.42,394.78,966800,928442,0
394.77,394.7873,393.48,393.655,1078900,917478,0
393.65,393.815,393,393.02,1142900,911054,0
393.0199,393.2399,392.5399,392.9299,1342100,914262,1
392.9299,393.0999,392.4599,393.0099,1246300,922230,1
393.0099,393.3199,392.5999,393.0999,1328300,931240,1
393.1,393.28,392.6,393.18,805500,925902,0
393.18,393.48,392.65,392.79,842800,923348,1
392.79,393.6,392.33,393.32,1285100,930546,0
393.32,393.73,392.902,393.1981,1087100,936428,1
393.1981,393.82,393.19,393.72,975000,942930,0
393.72,393.89,392.49,392.6699,1191000,953748,0
392.64,392.65,391.87,392.3,1340500,966316,0
392.29,392.78,392,392.279,899800,966952,1
392.279,392.84,391.47,392.491,1334600,973626,0
392.491,392.82,391.85,392.03,948100,978218,0
392.05,392.5,391.43,391.6851,1179900,983108,1
391.69,392.33,391.615,391.89,920000,990286,1
391.89,392.6839,391.86,391.9,1005400,998222,0
391.9,392.46,391.67,391.6856,1089000,1004828,1
391.6856,392.32,391.6501,391.94,795200,1001372,0
391.94,392.34,390.95,391.1461,1517800,1019580,0
391.1461,391.2,390.7,390.85,1286000,1022896,1
390.86,391.26,390.71,390.86,1292900,1025858,1
390.87,392.74,390.73,392.34,2053900,1039852,0
392.34,392.67,391.23,391.46,2343800,1060526,0
391.46,391.84,390.83,391.08,2367800,1087624,0
391.09,392.0364,390.55,390.7278,3059700,1130176,1
390.72,392.2,390.65,391.89,9209900,1294608,0
388.62,390.61,388.47,390.31,2681300,1329150,1
390.29,391.79,389.93,390.87,2386100,1358390,0
390.88,391.2169,388.93,389.12,1723400,1374140,0
389.11,389.27,387.32,387.5187,2161600,1398762,1
387.5399,388.42,387.11,388.23,1820400,1418158,1
388.2233,389.65,388,388.64,1438300,1432702,1
388.63,391.09,388.25,390.4501,1766100,1447902,0
390.4501,390.72,389.03,389.56,1020900,1454022,1
389.53,390.84,389.37,389.97,994500,1460164,1
389.94,391.05,389.65,390.475,1000400,1463332,1
390.45,391.92,390.32,391.23,1188700,1472768,0
391.23,391.29,389.11,389.6,1149300,1478334,1
389.6,390.5,388.71,390.38,1089900,1479846,0
390.37,390.72,388.55,389.1138,835200,1483862,0
389.1,389.28,388.2,388.58,1171600,1490630,0
388.58,389.284,388.05,388.415,746600,1483652,1
388.415,389.6401,387.86,389.605,1001100,1482290,0
389.605,390.2299,388.82,389.32,910900,1478352,1
389.32,390.06,389.15,389.6312,730700,1468852,0
389.6312,389.77,388.285,389.32,835500,1470512,0
389.3,390.28,389.03,389.09,809900,1467970,1
389.09,389.7,388.51,389.52,660300,1461840,1
389.51,390.41,388.93,390.19,698700,1454236,0
390.19,390.2,389.13,389.5601,567600,1442730,1
389.5601,391.07,389.5601,390.985,845200,1432792,1
390.99,392.3144,390.54,392.13,1049400,1428854,1
392.13,393.34,392.11,392.94,1282300,1427934,1
392.94,393.34,392.53,393.02,951700,1430858,0
393.02,393.17,391.77,392.0286,993300,1433868,0
392.0286,392.0601,391.29,391.895,909300,1426352,1
391.895,392.24,391.51,392.0599,749000,1419590,1
392.05,392.48,391.72,392.27,659900,1413288,1
392.27,392.79,392.25,392.43,720900,1403886,0
392.43,393,391.7,391.93,723500,1391546,0
391.93,391.95,390.77,391.2361,816100,1389872,1
391.22,391.85,390.92,391.7,544800,1374076,0
391.71,391.92,390.8114,391.199,671300,1368540,0
391.199,391.28,390,390.07,640300,1357748,0
390.06,390.22,389.26,389.35,1065800,1360664,0
389.35,389.56,388.82,389.1099,757000,1355696,1
389.09,389.71,389.07,389.1314,826800,1350452,1
389.1314,390.05,388.8589,389.96,735600,1349260,0
389.96,390.24,389.3,389.6341,686900,1332642,1
389.63,390.58,389.32,389.76,765000,1322222,0
389.78,389.91,388.33,388.79,752200,1311408,1
388.79,389.63,388.35,389.63,640100,1283132,1
389.63,390.24,389.145,390.0233,1037500,1257006,0
390.03,390.33,389.37,389.6397,699100,1223632,1
389.65,390.57,389.28,389.83,752800,1177494,1
389.83,390.4,389.47,390.22,574800,1004792,1
390.22,390.65,389.77,390.32,552300,962212,0
390.31,390.48,388.48,388.66,629900,927088,1
388.645,390.67,388.54,390.55,866300,909946,1
390.55,392.25,390.54,391.75,1292300,892560,0
391.75,391.8542,390.53,390.771,990400,875960,0
390.81,390.89,390,390.7472,749900,862192,1
390.7472,391.44,390.36,390.86,588400,838638,0
390.86,391.44,390.35,390.42,531400,828848,1
390.42,391.3,390.08,390.9379,775200,824462,0
390.9379,391.13,390.28,390.8955,535000,815154,1
390.8955,391.4,390.44,390.951,546800,802316,1
390.951,392.24,390.47,391.63,926100,797852,0
391.63,391.7,390.44,391.61,784300,791740,1
391.595,392.57,391.27,392.52,962800,794292,1
392.52,393.13,392.13,392.94,1260800,796076,0
392.94,392.99,391.81,392.79,885800,798860,1
392.79,394.14,392.47,393.7,1643700,811712,0
393.71,393.9,392.57,392.59,919900,811892,0
392.59,392.7,391.621,392.21,1341100,824100,0
392.16,392.4,391.1,391.4,899500,825380,0
391.41,391.46,390.22,390.27,813400,825450,0
390.26,390.81,389.78,389.83,1376800,839780,0
389.83,390.43,389.59,389.65,1200700,849820,0
389.65,389.9671,389.2,389.43,1197000,862408,1
389.44,390.71,389.05,390.54,1816200,881828,0
390.54,391.1,389.481,390.16,1758600,896012,0
390.16,390.56,389.04,389.68,2757200,925510,0
389.69,390.2,389.32,389.45,5850200,1023480,0
389.42,389.5,388.73,389.095,1157479,1026764,1
389.16,390.602,389,389.11,2355629,1055690,1
389.1,389.5459,389.09,389.5,800524,1056721,0
389.5,389.585,389.25,389.5,602196,1055567,0
389.47,389.51,389.31,389.34,97995,1043108,1
389.37,389.49,389.2,389.49,66186,1029962,0
389.5,389.61,389.3,389.335,39770,1014436,1
389.34,389.46,389.28,389.4,56336,1004666,1
389.39,389.5416,389.26,389.47,86877,992978,1
389.47,389.82,389.415,389.76,13419,980440,1
389.75,389.93,389.65,389.93,21550,959555,0
389.94,389.95,389.6,389.62,33009,945075,0
389.6,389.63,389.4,389.48,24884,929037,0
389.475,389.49,389.45,389.475,3336,914392,1
389.47,411.908,389.45,389.505,8185,900818,1
389.51,389.6,389.46,389.55,1003413,905586,1
389.55,389.6,389.53,389.59,2530,890592,0
389.59,389.59,389.55,389.56,541,877801,0
389.56,389.57,389.535,389.55,2084,857093,0
389.56,389.56,389.5,389.53,1453,843140,1
389.56,389.65,389.52,389.55,2639,828137,1
389.63,389.63,389.55,389.6,2270,816686,0
389.6,389.6,389.46,389.525,2355,805687,0
389.525,389.55,389.5,389.52,4065,793170,1
389.52,390.08,389.52,389.98,35102,776547,1
390.04,390.32,389.98,390.16,22595,751152,1
390.14,390.28,390.14,390.19,5485,731454,1
390.24,390.37,389.9,390.35,37269,717202,0
390.3,390.38,390.19,390.25,6787,705569,0
390.23,390.41,390.19,390.2,7293,695087,0
390.2,390.275,389.9,390.14,6477,679713,0
390.13,390.16,389.9,389.9,3083,669074,1
389.9,389.99,389.83,389.91,7450,658287,1
389.92,389.935,389.84,389.935,988,639785,1
389.94,390.05,389.93,390.02,3482,624169,0
389.98,390.06,389.85,389.95,1338,604940,1
390.01,390.155,389.9,390.14,13249,579988,0
390.125,390.15,389.96,389.98,2717,562327,0
389.96,390.01,389.73,389.73,3124,529515,1
389.725,389.84,389.68,389.75,3217,511182,1
389.8,389.89,389.72,389.85,352,484367,1
389.86,390.23,389.79,390.23,4700,466471,0
390.12,390.23,390.1,390.21,4842,450300,1
390.21,390.33,390.2,390.27,4207,422848,1
390.25,390.43,390.25,390.4,7210,398978,1
390.36,390.6,390.3,390.6,4836,375135,1
390.59,390.74,390.42,390.63,19455,339200,0
390.6,390.64,390.44,390.52,9380,304215,0