Open,High,Low,Close,FW Moving Average 25,HighOrLow,NextHigherorLower
423.85,423.95,423.37,423.75,425.72,0,1
423.75,424.64,423.62,424.42,425.61,0,0
424.41,424.61,423.32,423.40,425.43,0,0
423.40,423.40,421.88,422.16,425.15,0,0
422.16,422.39,421.43,421.83,424.86,0,1
421.83,422.49,421.47,422.46,424.63,0,0
422.46,422.58,421.47,421.58,424.34,0,0
421.58,422.20,420.97,421.32,424.05,0,0
421.32,421.59,420.49,420.82,423.73,0,1
420.81,421.69,420.70,421.64,423.48,0,0
421.63,421.95,421.04,421.17,423.21,0,0
421.19,421.46,420.96,421.07,422.94,0,0
421.04,421.07,420.43,420.49,422.65,0,1
420.49,420.75,420.21,420.62,422.39,0,1
420.62,421.22,420.45,421.21,422.19,0,0
421.21,421.22,420.26,420.30,421.95,0,1
420.30,421.55,420.17,420.99,421.78,0,0
420.99,421.31,420.75,420.84,421.62,0,0
420.83,421.24,420.32,420.68,421.48,0,0
420.70,420.78,419.78,420.33,421.33,0,1
420.33,420.51,419.61,420.47,421.20,0,0
420.47,420.71,420.14,420.46,421.09,0,0
420.46,420.72,420.18,420.21,420.97,0,0
420.21,420.23,419.41,419.45,420.81,0,1
419.45,419.95,419.44,419.84,420.69,0,1
419.84,420.57,419.71,420.47,420.63,0,1
420.47,420.65,420.13,420.56,420.58,0,1
420.56,421.12,420.54,420.93,420.58,1,1
420.93,421.67,420.91,421.31,420.61,1,1
421.31,422.27,421.27,421.99,420.70,1,0
421.99,422.24,421.41,421.58,420.76,1,0
421.58,421.85,420.90,420.99,420.77,1,1
420.99,421.36,420.78,421.08,420.79,1,0
421.08,421.15,420.57,420.70,420.79,0,1
420.69,421.41,420.61,421.05,420.81,1,1
421.04,422.31,420.86,422.23,420.92,1,0
422.23,422.26,420.40,420.52,420.90,0,1
420.54,420.92,420.50,420.62,420.89,0,0
420.61,420.87,420.08,420.09,420.84,0,0
420.08,420.33,419.58,419.64,420.75,0,0
419.64,419.81,419.32,419.36,420.65,0,0
419.35,419.55,419.00,419.19,420.53,0,1
419.19,419.54,418.74,419.28,420.43,0,1
419.28,419.61,418.88,419.40,420.35,0,1
419.41,420.57,419.35,420.23,420.33,0,0
420.26,420.42,419.59,419.95,420.29,0,0
419.95,420.03,419.25,419.26,420.20,0,1
419.25,419.75,419.18,419.41,420.12,0,0
419.41,419.63,419.00,419.37,420.05,0,0
419.37,419.79,419.19,419.31,419.97,0,1
419.33,420.07,419.27,419.95,419.94,1,0
419.94,420.52,419.47,419.85,419.90,0,1
419.85,420.95,419.76,420.64,419.93,1,0
420.64,420.86,420.10,420.58,419.95,1,0
420.54,420.67,419.87,420.38,419.96,1,1
420.39,421.00,420.29,420.58,419.99,1,0
420.58,420.58,419.39,419.45,419.94,0,1
419.45,419.95,419.23,419.55,419.90,0,1
419.55,420.40,419.48,420.26,419.91,1,1
420.26,420.95,420.18,420.75,419.97,1,0
420.72,421.22,420.21,420.25,419.99,1,0
420.24,420.32,419.44,419.55,419.96,0,0
419.54,419.97,418.61,418.73,419.87,0,0
418.72,418.78,417.61,417.79,419.72,0,1
417.79,418.56,417.73,418.39,419.62,0,0
418.39,418.55,417.79,417.96,419.49,0,0
417.95,418.22,417.24,417.49,419.33,0,1
417.49,418.20,417.11,418.17,419.22,0,0
418.17,418.43,417.40,418.09,419.11,0,0
418.09,418.45,417.20,417.49,418.96,0,0
417.49,418.31,417.02,417.12,418.79,0,0
417.12,417.68,416.07,416.11,418.55,0,1
417.38,418.49,417.15,417.91,418.46,0,1
417.91,418.76,417.80,418.42,418.42,1,1
418.42,420.58,418.24,420.53,418.53,1,1
420.54,421.77,420.44,421.37,418.71,1,0
421.38,422.02,420.53,420.75,418.84,1,0
420.73,420.99,420.38,420.75,418.97,1,0
420.75,421.76,419.23,419.51,418.99,1,0
419.50,419.78,418.79,419.07,418.99,1,0
419.07,421.77,416.91,417.01,418.84,0,0
417.02,417.05,415.81,416.44,418.65,0,1
416.41,417.70,416.24,417.20,418.53,0,0
417.19,417.76,415.89,415.94,418.31,0,1
415.94,416.08,415.01,415.99,418.12,0,1
415.98,417.82,415.81,417.51,418.06,0,1
417.51,418.36,417.35,418.05,418.05,1,1
418.05,419.28,417.77,419.22,418.13,1,0
419.23,419.32,418.12,418.19,418.13,1,0
418.20,418.82,417.97,418.03,418.12,0,1
418.03,419.92,417.97,418.76,418.16,1,0
418.76,418.89,417.96,418.29,418.17,1,1
418.29,419.21,417.71,418.39,418.18,1,1
418.38,419.61,418.38,419.37,418.27,1,0
419.37,419.83,418.39,419.31,418.34,1,1
419.31,420.03,419.08,419.80,418.45,1,1
419.82,420.77,419.78,420.72,418.63,1,0
420.73,420.82,420.30,420.36,418.76,1,1
420.36,421.00,420.05,420.39,418.88,1,0
420.42,420.44,419.85,420.16,418.99,1,0
420.15,420.31,418.94,419.15,419.01,1,1
419.13,419.74,418.96,419.69,419.08,1,0
419.68,419.93,418.73,419.52,419.15,1,1
419.52,420.55,419.50,420.39,419.28,1,0
420.39,420.46,419.90,420.12,419.39,1,0
420.13,420.51,419.69,420.00,419.49,1,1
419.99,421.91,419.79,421.57,419.70,1,1
421.62,422.24,421.44,422.11,419.94,1,0
422.11,422.49,421.69,421.95,420.15,1,0
421.95,422.07,421.34,421.91,420.33,1,1
421.91,422.92,421.64,422.45,420.54,1,0
422.45,422.65,421.71,421.89,420.70,1,1
421.89,422.11,421.61,421.90,420.84,1,1
421.90,422.15,421.69,422.06,420.98,1,1
422.06,422.23,420.09,422.10,421.12,1,0
422.10,422.35,420.67,420.84,421.14,0,0
420.84,421.16,420.16,420.72,421.15,0,0
420.73,420.76,420.13,420.40,421.13,0,1
420.40,421.17,420.34,420.56,421.12,0,1
420.56,421.61,419.65,421.53,421.17,1,0
421.53,421.96,421.06,421.48,421.22,1,0
421.47,421.93,420.62,420.89,421.21,0,0
420.89,421.07,420.44,420.85,421.21,0,1
420.84,421.70,420.60,421.57,421.25,1,1
421.57,422.15,421.45,421.92,421.32,1,1
421.92,421.99,421.45,421.93,421.38,1,0
421.92,421.96,421.11,421.21,421.38,0,1
421.20,421.67,421.06,421.32,421.38,0,1
421.32,421.71,420.84,421.46,421.39,1,0
421.42,421.48,420.38,420.62,421.33,0,0
420.64,421.23,420.56,420.56,421.27,0,0
420.56,420.71,420.21,420.37,421.19,0,1
420.37,421.02,420.18,420.83,421.14,0,0
420.83,420.97,419.38,420.57,421.09,0,1
420.57,421.43,420.50,421.15,421.08,1,0
421.17,421.56,420.42,420.65,421.03,0,0
420.65,420.78,419.51,419.68,420.92,0,0
419.66,419.66,418.29,418.71,420.73,0,0
418.71,419.00,417.78,418.06,420.51,0,1
418.05,418.68,417.69,418.08,420.30,0,1
418.07,418.68,417.63,418.41,420.13,0,0
418.42,418.90,417.56,418.04,419.94,0,0
418.04,418.28,417.24,417.73,419.73,0,1
417.73,418.52,417.71,418.27,419.57,0,0
418.27,418.64,417.77,417.96,419.39,0,0
417.96,418.32,417.10,417.35,419.18,0,1
417.36,418.65,417.12,418.30,419.06,0,0
418.30,418.79,417.37,417.49,418.88,0,0
417.48,417.65,416.53,417.36,418.70,0,0
417.36,417.99,416.90,417.25,418.53,0,1
422.17,423.08,421.11,421.15,418.67,1,0
421.16,421.74,420.73,420.79,418.78,1,0
420.79,421.51,419.64,419.81,418.82,1,1
419.81,420.85,419.75,420.03,418.88,1,1
420.03,420.86,419.56,420.70,419.00,1,0
420.70,420.82,420.09,420.48,419.10,1,0
420.45,420.52,418.75,418.85,419.08,0,1
418.83,419.95,418.63,419.55,419.11,1,0
419.56,419.91,418.90,419.47,419.14,1,1
419.47,420.65,418.91,420.57,419.26,1,0
420.57,420.68,419.79,419.86,419.33,1,0
419.86,419.92,418.41,418.48,419.29,0,0
418.48,418.71,417.89,418.00,419.22,0,1
418.00,418.75,417.91,418.21,419.17,0,1
418.21,418.46,417.60,418.38,419.13,0,0
418.38,418.93,418.19,418.37,419.09,0,1
418.37,418.72,417.77,418.66,419.07,0,1
418.66,419.58,418.52,419.28,419.10,1,1
419.28,419.97,419.09,419.80,419.16,1,1
419.80,420.84,419.51,420.66,419.29,1,1
420.66,420.85,420.39,420.84,419.42,1,1
420.82,421.28,420.53,421.24,419.57,1,0
421.24,421.30,420.54,420.79,419.67,1,0
420.81,421.26,420.61,420.74,419.76,1,1
420.74,421.35,420.38,421.22,419.88,1,0
421.22,421.30,420.24,420.31,419.92,1,0
420.31,420.59,419.96,420.04,419.94,1,0
420.04,420.14,419.47,419.98,419.95,1,1
419.97,420.92,419.75,420.50,420.01,1,1
420.50,420.67,420.00,420.55,420.07,1,1
420.55,421.00,420.13,420.88,420.15,1,0
420.88,420.90,420.02,420.46,420.20,1,1
420.46,421.33,420.41,421.32,420.31,1,1
421.32,422.07,421.26,422.04,420.47,1,1
422.04,422.64,421.88,422.50,420.66,1,1
422.50,423.22,422.48,423.21,420.90,1,1
423.21,423.73,423.09,423.69,421.16,1,1
423.70,424.19,423.65,424.02,421.44,1,1
424.01,424.75,424.01,424.75,421.75,1,1
424.75,425.80,424.74,425.24,422.07,1,1
425.25,425.43,424.67,425.28,422.39,1,1
425.28,425.64,425.00,425.60,422.70,1,1
425.60,425.94,425.23,425.84,423.01,1,1
425.82,426.42,425.51,426.28,423.33,1,1
426.28,427.20,426.21,427.06,423.70,1,0
427.06,427.30,426.44,426.94,424.03,1,0
426.95,426.99,426.19,426.49,424.32,1,1
426.46,427.05,426.43,426.86,424.61,1,1
426.87,427.14,426.32,426.89,424.89,1,1
426.89,427.58,426.65,427.47,425.19,1,0
427.47,427.63,426.50,426.96,425.44,1,1
426.95,427.55,426.77,427.39,425.70,1,0
427.40,427.45,426.64,426.80,425.89,1,1
426.80,427.23,426.59,427.17,426.09,1,1
427.17,427.47,427.03,427.35,426.28,1,0
427.35,427.37,426.82,427.15,426.43,1,0
427.15,427.53,426.96,427.07,426.56,1,1
427.06,427.36,426.72,427.35,426.69,1,1
427.34,427.68,426.97,427.66,426.83,1,0
427.66,427.66,427.23,427.54,426.94,1,0
427.55,427.79,427.13,427.52,427.03,1,1
427.52,427.94,427.42,427.82,427.13,1,1
427.83,428.41,427.81,428.37,427.26,1,1
428.37,428.83,428.30,428.82,427.41,1,0
428.82,429.20,428.32,428.33,427.52,1,1
428.33,428.76,428.20,428.65,427.63,1,1
428.65,429.03,428.30,428.70,427.75,1,1
428.70,429.17,428.66,429.03,427.87,1,0
429.03,429.06,428.48,428.64,427.96,1,1
428.63,429.11,428.45,429.11,428.07,1,1
429.11,429.64,428.97,429.60,428.22,1,0
429.60,429.60,428.72,428.77,428.30,1,0
428.78,428.87,428.03,428.14,428.32,0,0
428.14,428.41,427.57,427.99,428.32,0,0
427.97,428.56,427.47,427.62,428.29,0,0
427.62,428.17,427.04,427.55,428.26,0,0
427.54,427.60,426.65,427.19,428.20,0,1
427.19,427.90,426.37,427.80,428.18,0,0
423.56,424.67,422.68,424.44,427.91,0,0
424.45,424.88,423.31,423.83,427.59,0,0
423.82,424.22,422.69,422.86,427.21,0,1
422.86,423.66,422.58,423.38,426.89,0,1
423.38,424.00,422.93,423.56,426.59,0,1
423.57,425.87,423.54,425.71,426.46,0,0
425.71,425.86,424.87,424.92,426.28,0,0
424.92,425.12,424.02,424.52,426.08,0,0
424.52,424.94,423.97,424.27,425.87,0,0
424.27,424.99,422.14,422.38,425.53,0,0
422.38,422.63,421.66,421.94,425.17,0,0
421.94,422.21,420.98,421.18,424.77,0,0
421.18,421.41,420.95,421.03,424.38,0,1
421.03,421.25,420.38,421.04,424.02,0,0
421.04,421.11,420.34,420.81,423.66,0,0
420.81,420.84,420.15,420.28,423.29,0,1
420.28,420.62,419.93,420.45,422.95,0,1
420.45,420.91,420.28,420.76,422.67,0,0
420.76,420.76,419.94,420.49,422.39,0,0
420.47,421.20,420.21,420.32,422.12,0,0
420.32,420.62,419.60,420.30,421.88,0,1
420.29,420.61,420.03,420.54,421.68,0,1
420.54,421.09,420.14,420.79,421.52,0,1
420.79,421.00,420.34,420.94,421.40,0,1
420.91,421.99,420.64,421.35,421.32,1,0
421.35,421.71,420.94,420.96,421.23,0,1
420.95,421.67,420.74,421.55,421.20,1,0
421.55,422.13,421.25,421.40,421.17,1,1
421.40,421.65,420.93,421.43,421.14,1,0
421.43,421.57,420.40,420.45,421.04,0,0
420.45,420.56,419.12,419.21,420.86,0,0
419.21,419.37,418.88,418.98,420.68,0,1
418.98,419.46,418.91,419.25,420.54,0,0
419.26,419.26,418.75,418.92,420.38,0,1
418.92,419.33,418.68,419.32,420.28,0,0
419.32,419.56,418.65,418.83,420.15,0,0
418.83,418.95,418.42,418.67,420.01,0,1
418.70,418.92,418.46,418.71,419.89,0,0
418.71,418.81,418.04,418.10,419.73,0,0
418.11,418.44,418.02,418.09,419.57,0,0
418.08,418.11,417.21,417.28,419.36,0,1
417.26,417.94,417.26,417.68,419.19,0,1
417.66,418.65,417.62,418.41,419.09,0,0
418.41,418.46,417.49,417.65,418.93,0,1
417.65,418.09,417.52,418.06,418.81,0,1
418.06,418.50,417.96,418.31,418.73,0,1
418.31,418.98,418.08,418.90,418.69,1,0
418.90,419.44,418.62,418.65,418.63,1,1
418.65,419.26,418.61,418.99,418.61,1,1
418.96,419.78,418.84,419.10,418.61,1,0
419.08,419.16,418.09,418.27,418.55,0,0
418.26,418.33,417.76,417.84,418.46,0,0
417.84,418.12,417.72,417.76,418.38,0,0
417.76,417.92,417.57,417.66,418.30,0,0
417.66,417.80,417.10,417.23,418.20,0,0
417.23,417.34,416.95,417.01,418.10,0,1
417.01,417.45,416.73,417.19,418.01,0,1
417.19,418.06,417.18,417.31,417.94,0,0
417.32,417.35,416.52,416.67,417.82,0,1
416.67,416.99,416.60,416.75,417.72,0,0
416.75,417.04,416.39,416.57,417.61,0,0
416.57,416.85,415.85,415.93,417.46,0,1
415.92,416.27,415.86,416.25,417.35,0,0
416.25,416.28,415.30,415.33,417.17,0,0
415.33,415.49,415.01,415.03,416.97,0,1
415.03,415.91,414.83,415.66,416.84,0,0
415.66,415.74,415.06,415.49,416.69,0,0
415.48,415.49,414.53,414.58,416.49,0,0
414.56,414.83,413.90,414.12,416.25,0,1
414.12,415.13,414.04,415.10,416.11,0,0
415.10,415.16,414.35,414.89,415.96,0,0
414.91,415.20,414.01,414.07,415.75,0,1
414.07,414.97,413.82,414.58,415.60,0,1
414.58,415.13,414.14,414.63,415.47,0,0
414.62,415.15,414.01,414.08,415.31,0,0
414.06,414.27,412.76,412.84,415.06,0,0
412.84,412.84,411.51,411.87,414.76,0,1
411.86,412.46,411.21,412.05,414.49,0,0
412.01,413.07,410.97,411.04,414.16,0,0
411.04,411.10,409.32,410.45,413.81,0,1
410.45,413.04,409.25,412.06,413.60,0,0
412.06,412.89,410.95,411.50,413.36,0,1
411.50,412.60,410.84,412.51,413.22,0,0
412.51,413.37,411.78,412.34,413.08,0,1
412.34,413.19,411.48,413.01,413.01,1,0
413.00,413.05,410.54,410.87,412.78,0,1
410.87,411.61,410.38,410.98,412.58,0,1
410.98,412.47,410.35,412.19,412.48,0,1
412.19,413.57,411.42,413.27,412.48,1,1
413.31,414.95,413.10,414.46,412.58,1,1
414.44,415.92,414.42,415.15,412.74,1,0
415.15,415.34,414.06,414.71,412.86,1,0
414.71,415.51,413.86,414.07,412.93,1,0
414.07,414.38,413.54,413.86,412.99,1,0
413.88,413.98,413.07,413.23,413.01,1,0
413.23,413.93,412.28,412.41,412.96,0,0
412.41,412.62,410.87,410.89,412.81,0,1
410.91,412.05,410.81,411.74,412.73,0,1
411.74,412.32,411.12,412.30,412.70,0,0
412.28,412.32,410.13,410.52,412.55,0,1
410.52,411.07,410.15,410.86,412.43,0,0
410.88,411.43,410.00,410.58,412.29,0,1
410.58,411.40,409.88,410.95,412.19,0,0
410.95,411.80,410.15,410.28,412.04,0,1
410.26,411.23,409.80,410.56,411.91,0,0
410.56,411.31,410.26,410.56,411.79,0,1
410.56,411.29,410.36,411.05,411.70,0,1
411.05,411.86,410.69,411.76,411.67,1,0
411.76,412.22,409.77,410.23,411.53,0,1
410.23,410.58,409.81,410.46,411.41,0,1
410.46,410.76,410.13,410.63,411.31,0,1
410.63,411.87,410.31,411.83,411.30,1,0
411.83,412.56,411.54,411.66,411.28,1,0
411.65,411.81,410.88,411.51,411.25,1,1
411.51,411.96,411.11,411.89,411.25,1,0
411.89,412.27,410.72,410.83,411.18,0,0
410.83,411.25,410.37,410.51,411.10,0,0
410.51,410.74,410.06,410.31,411.02,0,0
410.31,410.44,409.40,409.58,410.89,0,0
409.58,410.13,408.68,408.99,410.73,0,0
408.98,409.26,408.03,408.40,410.53,0,1
408.40,409.77,408.27,409.33,410.42,0,1
409.31,410.08,409.13,409.72,410.35,0,0
409.72,409.79,409.01,409.28,410.25,0,0
409.28,409.36,408.60,408.69,410.11,0,0
408.69,409.25,408.22,408.67,409.97,0,0
408.67,409.34,408.06,408.17,409.81,0,0
408.15,408.53,407.85,408.08,409.64,0,0
408.08,408.55,407.61,407.61,409.45,0,0
407.61,407.87,407.01,407.08,409.22,0,0
407.07,407.48,406.92,407.03,409.00,0,1
407.03,407.72,407.00,407.65,408.84,0,1
407.65,408.48,407.03,408.47,408.76,0,0
408.45,408.82,407.56,407.56,408.61,0,0
407.56,407.68,406.17,406.26,408.37,0,0
406.26,406.35,405.80,405.91,408.12,0,1
405.90,406.71,405.75,406.43,407.92,0,0
406.43,406.64,406.02,406.29,407.73,0,1
406.29,406.93,406.01,406.64,407.58,0,0
406.65,406.79,406.00,406.34,407.42,0,0
406.34,406.59,405.02,405.50,407.22,0,1
405.50,406.92,405.50,406.71,407.13,0,1
406.70,407.72,406.02,407.19,407.08,1,0
407.19,407.43,406.02,406.46,406.99,0,1
406.46,408.00,406.32,407.69,407.00,1,1
407.70,409.19,407.52,408.82,407.10,1,1
408.82,410.44,408.78,410.38,407.32,1,1
410.39,410.83,409.76,410.56,407.56,1,1
410.56,412.21,410.56,412.01,407.90,1,0
412.01,412.54,411.52,411.91,408.22,1,1
411.91,413.71,411.84,413.64,408.67,1,0
413.64,413.91,412.25,412.60,409.02,1,0
412.60,413.53,411.71,411.75,409.30,1,1
411.75,413.64,411.55,413.56,409.70,1,1
413.56,414.41,413.12,414.19,410.13,1,1
414.19,414.66,413.68,414.50,410.56,1,1
414.91,415.71,413.93,415.36,411.04,1,0
415.36,415.40,413.78,413.98,411.39,1,1
413.99,415.36,413.90,414.42,411.75,1,0
414.40,414.52,413.36,414.02,412.06,1,1
414.02,415.08,413.71,414.81,412.41,1,1
414.81,415.55,414.27,415.42,412.78,1,1
415.42,416.27,415.42,415.98,413.16,1,0
415.98,416.24,414.08,414.33,413.39,1,1
414.32,415.32,413.78,415.07,413.65,1,0
415.07,415.17,414.07,415.06,413.88,1,0
415.06,415.46,414.30,414.87,414.07,1,1
414.87,416.04,414.62,415.72,414.30,1,1
415.72,416.70,415.18,416.39,414.56,1,0
416.39,416.55,415.37,415.43,414.71,1,0
415.44,415.55,414.48,414.50,414.76,0,0
414.50,414.69,413.90,414.31,414.78,0,1
414.30,415.26,414.05,414.84,414.83,1,1
414.83,415.63,414.80,415.25,414.90,1,1
415.25,416.41,414.72,416.39,415.05,1,1
416.41,417.83,416.23,417.60,415.28,1,1
417.60,417.72,416.82,417.68,415.50,1,0
417.68,418.09,416.88,417.60,415.70,1,1
417.61,418.48,417.59,418.38,415.94,1,0
418.38,418.56,417.74,417.95,416.13,1,1
417.96,418.93,417.96,418.67,416.36,1,0
418.67,418.74,417.51,417.63,416.51,1,1
417.63,418.40,417.63,417.77,416.66,1,0
417.77,417.89,417.26,417.69,416.79,1,0
417.70,417.94,417.30,417.64,416.90,1,1
417.64,417.99,417.41,417.90,417.03,1,1
417.89,418.76,417.65,418.37,417.18,1,0
418.37,418.38,415.95,416.30,417.16,0,1
416.30,416.93,416.05,416.84,417.18,0,1
416.84,416.97,416.32,416.87,417.20,0,1
416.87,417.45,416.84,417.27,417.25,1,0
417.27,417.69,416.59,416.65,417.23,0,1
416.63,416.92,416.09,416.69,417.22,0,1
416.69,417.26,416.44,416.85,417.22,0,1
416.86,417.34,416.66,416.90,417.22,0,0
416.90,417.48,416.34,416.81,417.20,0,0
416.81,417.15,416.50,416.58,417.16,0,1
416.60,417.14,416.01,416.98,417.15,0,1
416.98,417.97,416.93,417.15,417.14,1,1
417.15,417.80,416.91,417.67,417.17,1,1
417.66,418.28,417.48,418.16,417.23,1,1
418.19,418.55,418.10,418.21,417.29,1,0
418.21,418.71,417.55,417.93,417.33,1,0
417.92,418.05,417.33,417.67,417.35,1,1
417.68,418.22,417.53,418.16,417.41,1,1
418.16,418.44,417.81,418.37,417.48,1,1
418.38,418.56,417.91,418.50,417.56,1,0
418.50,418.63,417.93,418.09,417.61,1,0
418.08,418.15,417.37,417.62,417.63,0,0
417.62,417.73,417.28,417.55,417.64,0,0
417.55,417.58,416.61,416.71,417.58,0,0
416.72,416.73,416.27,416.54,417.51,0,0
416.54,416.59,415.66,415.75,417.39,0,0
415.75,415.75,415.07,415.30,417.24,0,0
415.30,415.43,414.87,415.28,417.09,0,0
415.28,415.35,414.88,414.99,416.92,0,1
414.99,415.80,414.94,415.74,416.82,0,0
415.75,416.49,415.14,415.23,416.68,0,1
415.23,415.86,414.12,415.54,416.56,0,1
415.55,416.03,414.50,415.84,416.48,0,1
415.84,416.85,415.59,416.35,416.44,0,1
416.35,417.49,416.06,417.32,416.47,1,0
417.31,417.50,416.84,416.97,416.48,1,1
416.97,417.96,416.86,417.70,416.54,1,0
417.70,417.98,416.65,417.69,416.60,1,0
417.69,417.87,416.74,416.82,416.59,1,0
416.82,417.67,415.97,416.70,416.57,1,0
416.70,417.01,416.21,416.65,416.56,1,1
416.65,417.34,416.15,417.13,416.59,1,0
417.13,417.21,415.72,416.00,416.53,0,0
416.01,416.04,414.79,415.29,416.43,0,1
415.29,416.15,414.81,415.50,416.35,0,1
415.50,416.90,414.95,416.68,416.37,1,0
416.68,416.83,416.12,416.41,416.37,1,0
417.13,417.15,416.15,416.28,416.37,0,1
416.28,416.77,416.17,416.42,416.38,1,1
416.42,417.05,416.24,416.87,416.43,1,1
416.85,417.42,416.72,417.33,416.51,1,0
417.34,417.36,416.31,416.37,416.52,0,0
416.39,416.72,416.02,416.03,416.49,0,0
416.03,416.16,415.40,415.62,416.43,0,0
415.62,415.69,415.03,415.26,416.34,0,0
415.26,415.71,414.91,414.92,416.23,0,0
414.92,415.10,414.45,414.87,416.11,0,1
414.87,415.32,414.71,415.05,416.01,0,1
415.03,415.70,414.88,415.33,415.94,0,0
415.33,415.47,414.25,414.43,415.79,0,1
414.42,415.25,414.42,415.20,415.72,0,1
415.20,415.55,415.04,415.26,415.65,0,0
415.26,415.68,415.13,415.26,415.60,0,0
415.26,415.32,414.70,414.91,415.52,0,1
414.91,415.31,414.75,415.06,415.46,0,0
415.07,415.25,414.49,414.71,415.38,0,1
414.73,415.15,414.58,415.06,415.33,0,0
415.06,415.17,414.12,414.30,415.23,0,1
414.30,414.59,414.08,414.59,415.16,0,0
414.58,414.62,414.21,414.44,415.08,0,0
414.45,414.68,414.03,414.34,414.99,0,0
414.34,414.44,413.75,413.94,414.88,0,1
413.95,414.35,413.71,414.30,414.80,0,1
414.30,414.61,414.19,414.43,414.75,0,1
414.43,415.27,414.30,415.26,414.76,1,1
415.25,415.63,415.01,415.62,414.80,1,0
415.62,415.75,415.03,415.23,414.82,1,0
415.22,415.36,414.91,415.02,414.82,1,1
415.03,415.58,414.98,415.47,414.87,1,0
415.47,415.51,415.06,415.39,414.91,1,1
415.40,416.03,415.10,415.90,414.98,1,1
415.90,416.89,415.89,416.63,415.12,1,1
416.64,417.15,416.54,416.98,415.27,1,1
416.98,417.20,416.87,416.99,415.41,1,1
416.99,417.64,416.98,417.60,415.60,1,0
417.60,417.70,417.09,417.35,415.76,1,0
417.35,417.43,416.89,417.13,415.90,1,1
417.13,417.77,416.87,417.74,416.08,1,1
417.74,418.09,417.34,418.05,416.27,1,1
418.04,418.47,417.91,418.14,416.46,1,0
418.14,418.18,417.41,417.58,416.60,1,0
417.58,417.58,416.90,417.31,416.71,1,1
417.32,417.71,417.32,417.54,416.83,1,1
417.54,417.87,417.29,417.61,416.94,1,0
417.61,417.72,417.23,417.35,417.03,1,1
417.35,417.72,417.02,417.69,417.13,1,0
417.69,417.92,416.95,417.38,417.20,1,1
417.38,417.72,417.20,417.66,417.28,1,0
417.66,417.72,417.36,417.38,417.32,1,1
417.38,417.51,417.19,417.47,417.37,1,1
417.45,418.92,417.30,418.21,417.46,1,1
418.16,420.15,416.95,419.03,417.62,1,0
418.99,419.87,416.41,417.84,417.66,1,0
417.84,418.59,417.08,417.74,417.69,1,0
417.76,417.86,416.39,416.75,417.64,0,1
416.75,417.51,415.70,417.12,417.61,0,1
417.14,419.37,416.84,418.86,417.72,1,0
418.85,419.30,414.41,414.76,417.50,0,1
414.76,417.30,414.12,416.65,417.43,0,1
416.65,420.48,416.06,419.50,417.58,1,1
419.51,422.85,419.50,421.75,417.90,1,1
421.75,423.82,421.37,423.75,418.36,1,0
423.75,424.25,423.10,423.70,418.80,1,1
423.71,424.58,423.08,423.91,419.23,1,1
423.91,424.90,423.60,424.69,419.71,1,1
424.69,425.88,424.68,425.75,420.24,1,0
425.75,426.60,424.88,425.26,420.72,1,1
425.26,426.21,425.12,426.13,421.23,1,1
426.13,427.09,426.09,427.01,421.79,1,1
427.01,428.35,426.96,428.26,422.42,1,1
428.26,428.51,427.65,428.27,423.01,1,1
428.27,428.65,427.69,428.38,423.58,1,1
428.38,429.16,427.85,429.10,424.17,1,0
429.10,429.66,428.76,428.88,424.70,1,1
428.86,429.09,428.25,428.99,425.22,1,0
424.58,425.00,423.32,423.88,425.30,0,0
423.89,424.32,423.50,423.80,425.36,0,0
423.77,424.60,422.69,422.72,425.32,0,0
422.72,422.97,422.03,422.07,425.21,0,0
422.07,422.54,421.76,421.93,425.08,0,0
421.93,422.23,421.11,421.57,424.91,0,0
421.59,421.63,420.15,420.22,424.62,0,0
420.21,420.30,418.97,419.49,424.27,0,1
419.49,419.97,418.22,419.91,423.94,0,0
419.92,420.00,418.86,419.63,423.58,0,0
419.63,419.65,417.75,418.15,423.10,0,0
418.15,418.85,418.03,418.10,422.63,0,0
418.10,418.47,417.46,417.85,422.16,0,0
417.85,418.29,416.86,416.91,421.63,0,1
416.91,417.41,416.08,417.31,421.16,0,0
417.32,417.62,415.68,415.78,420.59,0,1
415.77,416.40,415.22,415.95,420.06,0,1
415.95,416.79,415.81,416.77,419.63,0,0
416.76,417.14,415.38,415.57,419.13,0,0
415.60,416.02,413.99,414.54,418.59,0,1
414.53,414.89,414.03,414.87,418.11,0,0
414.80,415.38,413.83,414.53,417.65,0,0
414.53,414.66,413.68,413.73,417.18,0,1
413.73,414.78,413.62,414.74,416.82,0,1
414.74,415.59,414.17,414.83,416.52,0,1
414.83,416.51,414.83,415.94,416.35,0,0
415.94,416.34,415.35,415.45,416.16,0,0
415.46,415.47,414.25,414.64,415.94,0,0
414.65,414.77,412.28,412.36,415.56,0,0
412.37,412.91,412.32,412.34,415.22,0,0
412.33,412.35,411.01,412.14,414.89,0,1
412.13,413.57,412.06,413.40,414.68,0,1
413.40,414.34,412.83,413.66,414.52,0,1
413.67,414.15,413.00,414.02,414.40,0,0
414.02,414.52,413.17,413.34,414.25,0,1
413.34,414.92,413.30,414.06,414.17,0,0
414.06,414.81,413.75,413.92,414.09,0,0
413.91,413.91,412.67,413.31,413.98,0,0
413.31,413.34,412.41,412.82,413.85,0,0
412.84,413.11,412.06,412.54,413.70,0,1
412.54,413.94,412.43,413.93,413.68,1,1
413.93,414.53,413.77,414.51,413.71,1,1
414.51,415.96,414.49,415.39,413.81,1,1
415.39,416.39,415.31,416.00,413.96,1,0
416.00,416.02,414.46,414.56,414.00,1,1
414.56,415.09,413.86,414.72,414.06,1,1
414.72,415.17,414.23,414.87,414.12,1,1
414.87,415.03,414.12,414.90,414.19,1,0
414.90,414.90,413.82,414.33,414.20,1,1
414.29,415.95,414.29,414.73,414.25,1,1
414.74,415.75,414.43,414.77,414.31,1,0
414.77,415.28,414.05,414.05,414.31,0,0
414.05,414.14,413.10,413.49,414.27,0,0
413.49,413.65,412.83,413.45,414.24,0,0
413.45,413.60,412.67,413.04,414.16,0,1
413.05,413.91,412.86,413.62,414.13,0,0
413.62,413.87,412.85,413.37,414.08,0,1
413.37,415.03,413.26,415.00,414.15,1,0
415.00,415.18,412.87,413.11,414.08,0,0
413.11,413.24,411.92,411.99,413.92,0,0
411.96,412.48,411.65,411.83,413.75,0,1
411.83,412.43,411.58,412.30,413.62,0,0
412.29,412.74,411.81,412.30,413.50,0,1
412.31,413.18,412.18,412.67,413.41,0,1
412.67,414.14,412.64,412.83,413.34,0,0
412.81,412.94,412.34,412.77,413.26,0,0
412.77,413.08,411.44,411.59,413.09,0,0
411.59,411.86,410.82,411.45,412.92,0,0
411.45,411.67,410.16,410.24,412.67,0,1
410.24,410.84,410.12,410.79,412.47,0,0
410.78,410.82,410.00,410.32,412.26,0,0
410.31,411.37,409.73,410.03,412.03,0,1
410.03,411.20,409.44,410.98,411.90,0,1
410.98,412.21,410.77,411.73,411.83,0,0
411.73,412.51,411.38,411.67,411.77,0,0
411.67,412.32,409.91,410.16,411.60,0,1
410.16,414.32,410.16,412.38,411.61,1,1
412.38,414.31,412.35,413.88,411.75,1,0
411.16,411.77,410.00,410.02,411.58,0,0
410.02,410.05,407.86,408.02,411.28,0,0
408.02,409.18,407.65,407.75,410.96,0,0
407.75,408.15,406.09,407.23,410.63,0,0
407.23,407.67,406.17,406.49,410.26,0,0
406.49,406.95,405.73,406.36,409.90,0,1
406.36,407.23,405.75,406.93,409.61,0,1
406.92,408.75,406.88,407.05,409.35,0,1
407.05,408.72,406.43,408.04,409.17,0,1
408.07,411.61,408.01,410.51,409.20,1,1
410.51,411.21,409.73,410.55,409.24,1,0
410.57,411.57,409.42,409.46,409.19,1,0
409.49,410.72,408.86,408.97,409.13,0,0
408.94,409.26,407.64,408.59,409.04,0,1
408.58,409.82,408.14,409.19,409.01,1,1
409.19,412.10,408.96,411.81,409.19,1,1
411.83,412.52,410.88,412.48,409.41,1,1
412.48,413.48,411.90,412.77,409.66,1,0
412.74,413.06,411.66,411.92,409.82,1,1
411.92,412.39,411.45,412.07,410.00,1,1
412.09,412.93,411.08,412.92,410.24,1,1
412.92,413.90,412.64,413.22,410.49,1,1
413.22,414.80,412.91,414.44,410.84,1,0
414.44,414.50,413.47,413.73,411.12,1,0
413.73,413.96,411.74,411.91,411.25,1,0
411.91,411.96,410.23,410.37,411.27,0,1
410.37,411.19,409.60,410.78,411.32,0,1
410.79,410.98,410.00,410.82,411.37,0,0
410.82,411.79,410.07,410.17,411.35,0,0
410.19,410.68,409.53,409.89,411.31,0,1
409.89,411.57,409.53,411.54,411.38,1,1
411.54,413.12,411.41,411.80,411.46,1,0
411.80,411.88,409.93,410.24,411.40,0,0
410.24,411.08,409.70,409.80,411.30,0,1
409.80,412.20,409.71,411.52,411.32,1,1
411.53,412.22,411.15,411.81,411.37,1,1
411.81,412.53,411.07,412.47,411.46,1,0
412.47,412.84,410.85,411.86,411.49,1,1
411.86,412.38,411.34,412.23,411.55,1,0
412.23,412.70,412.03,412.10,411.58,1,1
412.10,413.18,411.21,412.65,411.65,1,1
412.65,413.98,412.48,413.78,411.80,1,1
413.79,414.36,413.18,414.19,411.97,1,0
414.19,414.19,412.71,413.24,412.08,1,0
413.27,413.52,412.58,412.65,412.13,1,0
412.64,412.96,411.16,411.26,412.07,0,1
411.26,412.60,411.00,411.88,412.07,0,1
411.88,412.61,411.24,412.07,412.08,0,1
412.07,412.79,411.89,412.50,412.13,1,0
412.49,412.94,410.82,411.34,412.10,0,1
411.31,412.20,410.69,411.67,412.10,0,0
411.67,412.13,410.82,411.32,412.06,0,0
411.32,411.53,409.87,410.07,411.93,0,1
410.08,410.28,409.79,410.11,411.80,0,0
410.11,410.75,409.65,409.86,411.66,0,0
409.84,409.84,408.59,408.63,411.42,0,1
408.63,409.89,408.59,409.47,411.25,0,0
409.47,410.24,409.31,409.38,411.08,0,0
409.36,409.75,408.88,409.15,410.90,0,0
409.15,409.25,408.32,408.77,410.69,0,0
408.73,409.20,407.97,408.33,410.46,0,0
408.31,408.76,407.89,408.27,410.23,0,0
408.27,408.91,407.97,408.03,410.00,0,1
408.04,409.47,407.80,409.31,409.87,0,1
409.32,410.39,409.18,410.22,409.83,1,0
410.22,410.64,408.88,408.94,409.69,0,1
408.92,409.28,408.31,409.14,409.58,0,0
409.14,409.44,407.79,408.14,409.41,0,1
408.13,408.89,408.04,408.17,409.25,0,1
408.17,408.66,407.66,408.53,409.15,0,0
408.53,408.61,407.45,407.60,408.98,0,1
407.60,408.94,407.36,408.63,408.90,0,1
408.63,409.83,408.57,409.55,408.90,1,1
409.55,412.06,409.48,411.84,409.09,1,0
411.85,412.18,410.80,411.09,409.22,1,1
411.09,412.61,410.62,411.91,409.42,1,0
411.91,412.98,411.35,411.39,409.57,1,0
411.39,411.72,410.90,411.38,409.73,1,0
405.20,405.74,404.06,405.08,409.39,0,1
405.08,406.41,404.40,405.72,409.12,0,0
405.70,405.91,404.45,405.49,408.85,0,0
405.49,405.49,403.27,404.01,408.47,0,1
404.03,406.05,403.52,405.78,408.24,0,0
405.78,405.88,404.47,405.18,407.98,0,0
405.18,405.46,403.88,404.49,407.68,0,0
404.49,404.83,402.93,402.98,407.27,0,1
402.99,404.87,402.96,404.31,406.99,0,0
404.33,404.91,403.35,403.64,406.66,0,0
403.64,404.00,402.66,402.69,406.27,0,0
402.69,403.33,402.26,402.46,405.89,0,1
402.45,402.81,401.86,402.60,405.54,0,0
402.58,402.73,401.19,401.24,405.11,0,1
401.24,402.57,401.21,402.38,404.79,0,1
402.38,403.13,402.17,402.61,404.50,0,0
402.61,403.04,401.31,401.32,404.14,0,0
401.32,402.00,400.72,400.96,403.76,0,1
400.96,401.69,400.73,401.28,403.43,0,0
401.28,401.28,400.41,401.17,403.12,0,0
401.13,401.74,400.59,400.92,402.81,0,1
400.92,401.81,400.84,401.11,402.55,0,0
401.11,401.15,400.35,400.57,402.28,0,0
400.56,400.64,399.90,400.13,402.01,0,1
400.13,400.47,399.34,400.35,401.80,0,1
400.35,401.59,400.13,401.58,401.71,0,0
401.58,402.14,401.06,401.46,401.62,0,0
401.46,401.97,401.17,401.39,401.54,0,1
401.39,402.33,401.36,402.14,401.53,1,0
402.14,402.51,401.59,401.90,401.51,1,0
401.90,401.92,400.64,400.92,401.42,0,1
400.92,403.15,400.80,402.41,401.46,1,1
402.41,403.57,402.41,403.34,401.58,1,1
403.32,404.15,403.27,403.55,401.72,1,1
403.55,404.04,402.92,403.69,401.87,1,0
403.69,403.99,402.63,403.20,401.98,1,1
403.19,403.91,402.57,403.40,402.10,1,0
403.40,403.41,401.77,401.79,402.10,0,0
401.78,402.16,401.47,401.59,402.08,0,0
401.59,401.68,401.08,401.36,402.05,0,0
401.36,401.40,400.77,400.88,401.98,0,0
400.88,401.25,400.68,400.72,401.90,0,0
400.72,401.08,400.40,400.54,401.82,0,1
400.54,400.91,400.41,400.68,401.74,0,0
400.68,400.68,400.10,400.23,401.63,0,1
400.23,401.17,400.13,400.91,401.58,0,0
400.91,400.91,400.25,400.58,401.50,0,1
400.58,401.82,400.56,401.58,401.50,1,0
401.58,401.96,400.29,400.34,401.41,0,0
400.32,400.40,399.83,400.23,401.30,0,1
400.22,401.68,400.12,401.49,401.29,1,0
401.49,401.86,400.81,400.96,401.24,0,0
400.96,401.10,399.41,399.78,401.10,0,1
399.78,400.96,399.63,400.54,401.02,0,1
400.54,401.32,400.48,400.85,400.98,0,0
400.85,401.18,400.04,400.41,400.90,0,1
400.43,401.15,400.11,400.42,400.82,0,1
400.40,401.56,400.40,401.39,400.83,1,0
401.39,401.43,400.02,400.19,400.75,0,0
400.19,400.33,399.61,400.10,400.67,0,0
400.09,400.23,399.11,399.77,400.58,0,1
399.77,400.75,399.63,399.97,400.51,0,1
399.97,400.39,399.71,399.97,400.46,0,1
399.96,401.14,399.91,400.03,400.41,0,1
400.03,400.94,399.34,400.60,400.41,1,1
400.59,401.62,400.58,401.27,400.47,1,0
401.27,402.28,400.81,401.06,400.51,1,1
401.06,402.42,400.78,401.12,400.55,1,1
401.12,402.51,401.00,402.35,400.69,1,0
402.33,402.58,400.10,401.43,400.75,1,0
401.41,401.41,399.84,399.97,400.69,0,0
399.96,400.16,399.24,399.69,400.62,0,0
399.69,399.69,398.67,399.27,400.52,0,1
399.27,399.62,398.75,399.33,400.42,0,0
399.33,399.41,398.30,398.50,400.27,0,0
398.50,398.79,397.37,397.68,400.06,0,0
397.67,397.84,396.50,397.36,399.84,0,1
397.36,398.99,397.34,398.23,399.69,0,1
404.50,406.08,404.46,404.76,400.05,1,0
404.77,404.77,403.44,404.34,400.37,1,0
404.34,404.43,403.31,403.42,400.60,1,0
403.42,403.42,401.90,402.11,400.73,1,1
402.11,403.20,401.85,402.90,400.91,1,1
402.90,404.16,402.70,404.14,401.18,1,1
404.16,404.54,403.17,404.41,401.46,1,0
404.41,405.04,403.95,404.09,401.70,1,0
404.09,404.74,402.97,403.39,401.88,1,1
403.36,404.26,403.25,403.70,402.06,1,0
403.70,404.19,402.32,403.03,402.19,1,0
403.03,403.14,401.86,402.46,402.26,1,0
402.51,402.79,401.56,401.95,402.29,0,0
401.95,402.01,400.76,400.85,402.23,0,0
400.85,400.95,399.90,400.77,402.16,0,0
400.77,400.77,398.86,399.22,401.98,0,1
399.20,399.99,398.34,399.79,401.85,0,0
399.78,399.87,398.84,398.95,401.66,0,0
398.95,399.86,397.91,398.35,401.43,0,0
398.35,398.42,396.97,397.12,401.10,0,0
397.11,397.69,396.49,396.51,400.74,0,1
396.51,398.21,396.16,398.15,400.51,0,0
398.15,398.23,396.66,396.83,400.18,0,1
396.82,397.40,395.90,397.34,399.90,0,0
397.34,397.72,395.92,396.81,399.57,0,1
396.81,398.80,396.72,398.63,399.38,0,0
398.63,398.98,397.46,398.02,399.17,0,0
398.01,398.07,396.81,397.00,398.90,0,1
396.98,397.18,396.05,397.10,398.66,0,1
397.10,397.88,395.77,397.41,398.46,0,1
397.41,398.49,397.02,398.45,398.35,1,0
398.44,398.50,396.37,396.49,398.11,0,1
396.49,397.62,396.13,396.88,397.92,0,0
396.88,397.81,396.38,396.43,397.72,0,0
396.40,396.92,396.02,396.25,397.53,0,1
396.25,396.83,396.02,396.39,397.38,0,0
396.39,396.95,394.82,395.33,397.16,0,1
395.32,396.15,395.18,395.49,396.97,0,1
395.49,396.55,395.25,396.33,396.88,0,1
396.33,397.65,396.14,397.07,396.85,1,0
397.02,397.03,395.62,395.83,396.73,0,1
395.79,396.36,395.62,395.95,396.64,0,1
395.95,397.53,395.63,397.16,396.65,1,1
397.16,398.03,397.11,397.58,396.70,1,0
397.58,397.75,396.64,397.13,396.72,1,0
397.13,397.57,396.27,396.69,396.70,0,1
396.69,397.19,396.10,396.90,396.70,1,1
396.90,398.57,396.90,398.52,396.83,1,1
398.49,399.53,398.49,399.48,397.03,1,1
399.47,400.75,399.47,400.65,397.31,1,1
400.65,401.82,400.56,401.33,397.63,1,1
401.33,402.55,401.29,402.45,398.03,1,0
402.45,402.67,401.68,402.36,398.40,1,1
402.36,403.14,402.06,403.07,398.82,1,0
403.07,403.26,402.28,402.96,399.21,1,0
403.02,403.18,401.85,401.91,399.50,1,1
401.91,403.11,401.66,402.87,399.85,1,0
402.86,402.95,400.47,401.88,400.11,1,0
401.88,402.36,400.85,401.06,400.29,1,0
401.06,401.25,399.88,400.71,400.43,1,0
400.71,401.06,400.25,400.58,400.54,1,1
400.57,401.48,400.50,400.65,400.65,0,1
400.65,402.32,399.97,402.07,400.85,1,0
402.07,402.20,400.27,401.20,400.97,1,1
401.20,401.83,400.76,401.64,401.10,1,0
401.64,401.79,400.18,401.33,401.19,1,1
401.33,402.14,400.84,401.62,401.29,1,0
401.62,402.78,401.37,401.54,401.37,1,1
401.54,402.25,401.24,401.68,401.44,1,1
401.66,402.33,400.94,401.74,401.51,1,0
401.74,401.89,400.09,400.30,401.45,0,0
400.30,400.52,399.37,399.77,401.34,0,0
399.77,399.79,398.77,399.39,401.19,0,0
399.39,399.68,398.26,398.72,400.98,0,0
398.70,398.86,398.20,398.41,400.76,0,1
398.41,399.66,398.08,399.09,400.59,0,1
399.07,399.61,398.28,399.38,400.45,0,0
399.37,399.54,398.61,399.08,400.30,0,0
397.99,399.69,395.22,397.13,400.01,0,1
397.12,397.82,396.21,397.25,399.75,0,1
397.20,400.59,396.57,400.47,399.75,1,1
400.47,402.83,399.82,402.31,399.90,1,1
402.33,403.17,401.69,402.40,400.06,1,0
402.40,402.40,400.61,402.26,400.20,1,0
402.26,402.46,400.80,402.15,400.33,1,0
402.17,402.25,399.86,400.03,400.30,0,1
400.08,401.77,399.60,401.02,400.34,1,1
401.04,401.88,400.29,401.65,400.43,1,1
401.65,403.42,401.10,402.98,400.63,1,0
402.98,403.30,401.94,402.68,400.79,1,0
402.68,403.08,401.37,401.93,400.90,1,1
401.93,403.54,401.20,403.14,401.09,1,1
403.13,403.91,402.81,403.77,401.33,1,0
403.77,404.04,402.51,402.76,401.48,1,0
402.71,402.75,400.79,401.46,401.54,0,0
401.46,401.87,400.82,401.45,401.59,0,0
401.45,401.66,400.35,401.09,401.61,0,0
401.09,401.32,400.38,400.67,401.59,0,1
400.69,401.76,400.49,401.54,401.64,0,0
401.55,401.75,399.56,400.04,401.56,0,1
400.04,401.33,399.93,401.09,401.56,0,1
401.07,402.03,400.66,401.91,401.61,1,1
401.93,402.43,401.44,401.95,401.67,1,1
401.96,403.80,401.52,403.14,401.80,1,0
403.14,403.63,402.75,402.89,401.89,1,0
402.89,403.08,402.05,402.24,401.92,1,0
402.22,402.36,401.25,401.57,401.89,0,0
401.57,401.61,400.84,401.39,401.85,0,0
401.34,401.40,400.45,400.82,401.77,0,0
400.82,401.44,400.59,400.65,401.68,0,0
400.65,400.88,399.96,400.55,401.59,0,0
400.53,400.84,399.85,399.91,401.45,0,1
399.91,401.68,399.77,401.45,401.43,1,0
401.45,401.62,398.70,398.86,401.21,0,0
398.84,399.13,398.34,398.78,400.99,0,1
398.78,399.55,398.66,399.03,400.81,0,0
399.03,399.75,398.10,398.47,400.59,0,1
398.48,398.93,398.00,398.80,400.42,0,0
398.81,398.84,397.53,397.56,400.16,0,0
397.56,397.77,396.83,396.98,399.87,0,0
396.98,397.10,396.30,396.38,399.56,0,0
396.38,396.50,395.65,396.05,399.23,0,1
396.05,396.76,395.93,396.18,398.93,0,1
396.18,396.91,396.17,396.30,398.65,0,1
396.30,396.97,395.51,396.73,398.42,0,0
396.75,397.03,395.47,395.61,398.11,0,1
395.61,396.31,395.27,396.00,397.85,0,0
396.00,396.40,394.92,394.98,397.53,0,0
394.98,395.09,394.57,394.63,397.21,0,0
394.63,394.66,393.76,394.54,396.90,0,0
394.54,394.94,393.98,394.27,396.60,0,0
394.26,394.69,393.25,393.52,396.27,0,1
393.52,395.34,393.44,395.34,396.10,0,0
395.32,395.46,394.25,394.32,395.87,0,1
394.31,395.08,393.92,395.02,395.71,0,1
395.02,395.93,394.59,395.44,395.61,0,1
395.45,396.46,394.58,396.29,395.59,1,0
396.30,397.34,395.70,396.00,395.55,1,1
396.00,397.04,395.35,397.00,395.61,1,0
397.03,397.39,396.45,396.97,395.67,1,1
396.98,397.98,396.17,397.90,395.81,1,0
397.90,398.16,396.40,396.60,395.85,1,0
396.60,396.86,395.34,395.63,395.82,0,0
395.62,396.07,395.17,395.33,395.78,0,0
395.33,395.52,394.56,394.61,395.70,0,1
394.58,395.32,394.18,395.18,395.66,0,0
395.14,395.75,394.55,394.81,395.60,0,1
394.81,395.50,393.93,394.94,395.55,0,0
394.95,395.23,394.24,394.41,395.46,0,1
394.41,395.42,394.31,394.69,395.40,0,0
394.69,395.22,394.25,394.39,395.33,0,0
394.39,394.43,393.19,393.33,395.18,0,1
393.30,393.81,393.09,393.37,395.04,0,0
393.37,393.37,392.40,392.48,394.83,0,0
392.45,392.96,391.96,392.46,394.63,0,1
392.45,392.83,392.08,392.77,394.46,0,0
389.58,390.65,387.96,387.99,393.93,0,0
387.99,388.91,387.11,387.38,393.37,0,1
387.38,389.46,386.92,389.05,392.96,0,1
389.06,391.28,388.40,389.59,392.61,0,1
389.59,390.59,388.66,390.05,392.31,0,0
390.05,390.05,387.94,388.60,391.91,0,0
388.60,388.68,387.33,388.38,391.52,0,1
388.38,391.40,388.30,391.05,391.37,0,1
391.05,392.75,390.70,391.85,391.29,1,0
391.85,392.36,390.77,391.64,391.21,1,1
391.64,393.74,391.21,393.28,391.27,1,0
393.26,393.42,391.59,391.99,391.25,1,0
392.04,392.70,390.79,391.31,391.19,1,1
391.31,392.56,390.89,392.41,391.22,1,0
392.42,392.50,390.78,391.26,391.17,1,1
391.27,392.48,390.87,392.00,391.19,1,1
392.00,393.38,391.91,393.29,391.32,1,1
393.29,394.24,393.07,394.02,391.51,1,1
394.02,394.70,393.01,394.66,391.75,1,1
394.66,395.61,393.91,395.59,392.06,1,0
395.60,395.80,394.04,394.08,392.25,1,0
394.08,394.29,393.43,393.89,392.42,1,0
393.89,394.18,392.72,392.89,392.52,1,1
392.93,393.52,392.58,392.99,392.62,1,0
393.01,393.35,391.42,391.96,392.64,0,1
391.96,392.83,391.59,392.74,392.73,1,0
392.74,392.77,391.34,391.41,392.69,0,0
391.41,391.55,390.28,390.35,392.57,0,0
390.35,390.35,389.17,389.63,392.38,0,0
389.62,389.71,388.66,388.70,392.12,0,1
388.70,389.01,388.16,388.96,391.89,0,1
388.95,389.45,388.41,389.19,391.67,0,0
389.19,389.71,388.27,389.15,391.45,0,1
389.13,389.58,388.26,389.20,391.23,0,1
389.20,390.07,388.70,389.92,391.09,0,1
389.92,390.83,389.72,390.51,390.99,0,1
390.51,391.81,390.44,391.65,390.98,1,0
391.65,391.94,390.97,390.97,390.93,1,1
390.97,392.09,389.79,392.09,390.96,1,0
392.09,392.36,390.95,391.29,390.94,1,0
391.24,391.65,390.64,391.22,390.90,1,0
391.22,391.82,390.27,390.47,390.82,0,0
390.47,391.10,389.58,389.75,390.68,0,0
389.76,389.97,389.16,389.62,390.55,0,1
389.62,390.60,389.34,389.68,390.44,0,0
389.68,390.33,388.82,389.04,390.30,0,1
389.04,389.91,388.88,389.31,390.19,0,1
389.31,389.60,388.67,389.34,390.10,0,0
389.34,389.76,388.25,388.64,389.97,0,0
388.65,388.98,387.72,387.85,389.79,0,0
387.85,388.06,387.52,387.67,389.61,0,0
387.67,387.87,386.54,386.59,389.36,0,1
386.59,387.05,386.54,386.73,389.13,0,1
386.73,387.64,386.34,387.04,388.95,0,1
387.04,387.96,386.84,387.55,388.80,0,0
387.55,387.57,386.06,386.10,388.56,0,1
386.10,386.77,386.02,386.66,388.36,0,1
386.64,387.33,386.34,387.19,388.21,0,0
387.19,387.76,386.37,386.68,388.03,0,1
386.67,387.34,386.25,386.96,387.88,0,0
386.96,387.17,385.66,386.22,387.68,0,0
386.22,386.24,385.38,385.52,387.43,0,1
385.52,385.87,385.16,385.62,387.22,0,0
385.61,386.32,385.49,385.57,387.02,0,1
385.58,386.47,385.15,385.86,386.86,0,0
385.86,386.17,385.38,385.73,386.71,0,1
385.73,387.01,385.48,386.91,386.66,1,0
386.96,387.08,385.80,386.20,386.57,0,1
386.22,386.29,385.37,386.23,386.50,0,1
386.23,388.16,386.17,387.88,386.56,1,1
387.88,389.92,387.67,389.34,386.74,1,0
389.34,390.35,388.05,388.17,386.83,1,1
388.17,389.98,388.09,389.10,386.99,1,1
389.06,389.88,388.43,389.78,387.21,1,0
389.78,390.80,388.99,389.53,387.40,1,0
389.53,390.46,389.11,389.47,387.59,1,1
389.47,391.55,389.47,390.36,387.83,1,1
390.36,392.58,390.15,392.39,388.23,1,1
396.73,397.32,396.16,396.20,388.89,1,1
396.19,397.53,395.61,396.92,389.59,1,1
396.92,397.68,396.27,397.60,390.31,1,0
397.60,397.97,396.73,397.10,390.95,1,1
397.10,399.07,397.10,398.93,391.70,1,0
398.94,399.04,398.21,398.64,392.40,1,1
398.64,399.98,398.46,399.74,393.14,1,0
399.74,399.90,399.07,399.73,393.84,1,1
399.73,400.22,399.29,399.76,394.51,1,1
399.76,399.97,399.22,399.87,395.13,1,1
399.87,401.19,399.80,401.12,395.81,1,0
401.12,401.49,400.86,400.98,396.44,1,1
400.97,401.35,400.87,401.28,397.03,1,0
401.28,401.45,400.75,401.08,397.57,1,0
401.08,401.17,399.95,399.98,397.97,1,1
399.98,400.48,399.35,400.14,398.35,1,1
400.14,401.11,400.00,401.10,398.76,1,0
401.11,401.31,400.69,400.89,399.11,1,0
400.89,401.03,400.26,400.60,399.40,1,1
400.60,401.15,400.57,401.02,399.69,1,0
401.02,401.19,400.74,400.99,399.94,1,0
400.99,400.99,400.28,400.56,400.12,1,1
400.55,401.44,400.52,401.20,400.31,1,1
401.20,401.63,400.98,401.55,400.50,1,0
401.56,401.75,401.05,401.40,400.64,1,1
401.42,401.79,401.23,401.62,400.77,1,0
401.62,401.69,400.79,401.25,400.85,1,0
401.26,401.27,400.80,401.01,400.91,1,1
401.01,401.67,400.91,401.62,400.99,1,0
401.60,401.70,401.35,401.57,401.07,1,1
401.58,402.05,401.44,402.00,401.16,1,1
402.00,402.71,401.99,402.71,401.30,1,1
402.71,403.18,402.48,402.91,401.45,1,0
402.92,403.03,402.51,402.53,401.56,1,0
402.53,402.67,402.10,402.29,401.64,1,0
402.30,402.30,401.77,402.25,401.71,1,1
402.25,402.77,402.24,402.50,401.79,1,1
402.48,402.66,402.41,402.55,401.88,1,0
402.55,402.78,402.33,402.39,401.95,1,0
402.39,402.46,401.78,401.81,401.97,0,0
401.80,401.82,400.69,401.19,401.93,0,1
401.19,401.79,401.19,401.76,401.94,0,1
401.76,402.17,401.55,401.89,401.96,0,0
401.90,401.91,401.21,401.38,401.93,0,1
401.38,401.70,401.09,401.54,401.91,0,0
401.55,401.55,400.89,401.04,401.86,0,1
401.05,401.31,400.60,401.29,401.82,0,0
401.29,401.56,400.84,400.88,401.75,0,1
400.88,401.33,400.77,401.27,401.71,0,0
401.27,401.30,400.58,400.62,401.62,0,0
400.62,400.65,399.91,400.12,401.49,0,1
400.10,400.39,399.68,400.33,401.39,0,0
400.31,400.42,399.78,400.01,401.26,0,0
400.01,400.04,399.12,399.35,401.09,0,0
399.35,399.35,397.48,397.71,400.79,0,1
397.69,398.48,397.18,398.33,400.56,0,0
398.33,398.76,397.92,398.01,400.31,0,1
398.01,398.71,397.72,398.71,400.13,0,0
398.71,398.76,397.65,397.97,399.91,0,1
397.97,398.25,397.54,398.14,399.71,0,1
398.14,399.71,398.11,398.89,399.59,0,0
398.90,399.06,398.25,398.63,399.45,0,1
398.61,399.32,398.37,399.17,399.37,0,0
399.18,399.24,398.35,398.74,399.27,0,1
398.74,400.53,398.62,400.53,399.31,1,1
400.53,400.60,400.16,400.55,399.36,1,0
400.56,400.99,400.32,400.35,399.40,1,1
400.35,401.22,400.35,401.18,399.50,1,1
401.19,401.75,401.06,401.72,399.65,1,1
401.72,402.14,401.36,401.87,399.81,1,1
401.88,402.14,401.44,401.97,399.98,1,1
401.97,402.42,401.68,402.37,400.17,1,0
402.37,402.55,400.66,400.82,400.24,1,1
400.79,401.59,400.27,400.96,400.32,1,1
400.96,401.81,400.85,401.55,400.45,1,0
401.55,401.98,400.60,401.18,400.55,1,0
401.18,401.66,399.88,400.96,400.62,1,1
400.96,401.77,400.54,401.69,400.76,1,0
400.04,400.88,399.43,399.97,400.75,0,1
399.99,401.09,399.16,401.07,400.83,1,0
401.07,401.29,399.43,399.54,400.77,0,0
399.54,399.79,397.71,398.03,400.60,0,1
398.03,399.31,397.60,399.02,400.51,0,0
399.02,399.53,398.38,398.72,400.39,0,0
398.72,398.99,397.65,398.60,400.26,0,1
398.60,400.10,398.40,400.04,400.23,0,0
400.04,400.83,399.68,400.00,400.21,0,1
399.98,401.02,399.91,400.64,400.22,1,1
400.64,401.33,400.57,400.85,400.25,1,1
400.81,401.79,400.29,401.59,400.33,1,0
401.59,401.75,399.81,400.09,400.29,0,1
400.09,400.58,399.87,400.44,400.28,1,0
400.42,400.48,399.55,400.23,400.25,0,0
400.23,400.23,398.89,398.98,400.13,0,0
398.98,399.32,398.63,398.87,400.01,0,0
398.87,398.99,398.36,398.52,399.87,0,1
398.54,398.85,398.08,398.62,399.75,0,1
398.60,399.16,397.98,399.06,399.67,0,0
399.08,399.34,398.67,398.95,399.59,0,1
398.95,399.82,398.82,399.44,399.56,0,0
399.44,399.49,398.78,399.20,399.51,0,0
399.20,399.30,398.73,399.10,399.46,0,1
399.10,399.68,398.52,399.67,399.47,1,1
399.65,399.99,398.32,399.86,399.49,1,1
399.86,400.60,399.08,400.52,399.56,1,1
400.52,400.95,400.25,400.82,399.66,1,1
400.83,401.45,400.36,401.44,399.80,1,0
401.44,401.71,401.15,401.43,399.93,1,1
401.43,402.08,401.23,401.56,400.07,1,0
401.56,401.58,400.61,400.92,400.14,1,0
400.92,401.04,400.49,400.58,400.18,1,0
400.58,400.73,400.04,400.48,400.22,1,0
400.46,400.57,399.93,400.15,400.22,0,1
400.15,400.57,399.89,400.35,400.25,1,1
400.36,400.77,400.03,400.54,400.28,1,0
400.54,401.10,399.76,399.83,400.27,0,0
399.83,399.99,399.51,399.67,400.25,0,1
399.67,400.48,399.43,400.44,400.29,1,0
400.46,400.56,399.56,399.71,400.27,0,1
399.69,400.00,399.43,399.85,400.26,0,1
399.85,400.17,399.34,400.16,400.27,0,1
400.16,400.77,399.85,400.72,400.31,1,1
400.72,401.50,400.50,401.26,400.40,1,0
401.26,401.44,400.38,400.51,400.42,1,1
400.51,401.91,400.39,401.55,400.51,1,1
401.56,402.31,401.38,402.17,400.64,1,1
402.17,402.58,402.17,402.39,400.79,1,0
402.37,402.57,402.03,402.29,400.91,1,1
402.27,402.81,401.63,402.44,401.04,1,0
402.44,402.49,401.79,401.89,401.12,1,1
401.89,402.30,401.71,401.93,401.20,1,1
401.94,402.35,401.78,402.00,401.28,1,1
402.00,402.38,401.49,402.32,401.38,1,1
402.32,403.04,402.26,402.89,401.52,1,0
402.89,402.89,402.18,402.48,401.63,1,1
402.44,402.82,402.15,402.48,401.73,1,1
402.48,402.96,402.35,402.93,401.86,1,1
402.93,403.63,402.65,403.55,402.03,1,1
403.56,403.97,403.47,403.64,402.20,1,0
403.66,403.69,403.13,403.50,402.35,1,0
403.50,403.81,403.09,403.17,402.46,1,0
403.17,403.39,402.57,402.65,402.52,1,1
402.65,403.12,402.32,402.72,402.58,1,1
402.68,403.19,402.59,403.00,402.66,1,1
403.00,403.15,402.57,403.05,402.72,1,0
403.05,403.37,402.52,402.55,402.74,0,0
402.55,402.55,401.33,401.55,402.68,0,0
401.55,401.85,400.96,401.35,402.59,0,0
401.34,401.34,400.63,400.93,402.48,0,1
400.96,401.26,400.80,401.01,402.37,0,0
401.01,401.33,400.29,400.40,402.21,0,1
400.39,400.74,399.97,400.46,402.06,0,0
400.46,400.71,399.85,399.95,401.88,0,0
399.95,400.07,399.53,399.92,401.71,0,1
399.92,400.94,399.92,400.28,401.57,0,0
400.28,400.44,399.32,400.22,401.43,0,1
406.51,406.63,405.53,406.12,401.75,1,0
406.11,406.14,405.21,405.59,402.02,1,1
405.60,406.27,405.28,405.75,402.28,1,0
405.74,406.08,404.87,404.88,402.48,1,0
404.87,405.61,404.59,404.65,402.65,1,1
404.65,405.27,404.40,405.20,402.85,1,1
405.18,406.15,405.17,405.89,403.10,1,0
405.89,406.05,404.79,404.89,403.26,1,1
404.89,405.24,404.59,405.12,403.44,1,1
405.13,405.72,404.94,405.65,403.66,1,0
405.66,405.82,405.04,405.41,403.85,1,0
405.40,405.62,404.12,404.23,403.94,1,1
404.22,404.72,404.05,404.39,404.04,1,0
404.39,404.41,403.59,403.72,404.08,0,0
403.72,403.75,403.11,403.23,404.08,0,0
403.23,403.37,402.58,403.21,404.08,0,1
403.19,403.44,402.79,403.30,404.08,0,1
403.30,403.84,403.16,403.79,404.11,0,1
403.81,404.41,403.65,404.38,404.18,1,0
404.39,404.48,404.01,404.25,404.23,1,1
404.26,404.47,404.04,404.32,404.27,1,1
404.30,404.67,403.73,404.47,404.31,1,1
404.47,404.86,404.34,404.65,404.35,1,1
404.65,405.36,404.59,405.19,404.42,1,1
405.20,406.00,405.20,405.87,404.52,1,0
405.87,406.03,405.56,405.66,404.60,1,0
405.67,406.01,405.32,405.37,404.65,1,0
405.38,405.58,405.01,405.16,404.68,1,1
405.16,405.80,405.16,405.63,404.76,1,0
405.63,405.63,405.25,405.46,404.81,1,1
405.45,405.63,405.14,405.57,404.88,1,0
405.55,405.56,404.62,405.06,404.90,1,1
405.06,405.24,404.59,405.09,404.93,1,1
405.09,405.80,404.99,405.47,404.99,1,1
405.47,405.68,405.29,405.63,405.06,1,1
405.63,406.18,405.46,405.85,405.14,1,1
405.85,406.13,405.64,406.05,405.24,1,1
406.05,406.34,406.01,406.11,405.34,1,1
406.11,406.56,405.94,406.47,405.46,1,1
406.46,406.92,406.36,406.52,405.58,1,0
406.52,406.60,406.13,406.30,405.67,1,0
406.30,406.34,406.03,406.24,405.74,1,0
406.24,406.25,405.46,406.01,405.79,1,1
406.00,406.63,405.96,406.41,405.86,1,1
406.44,406.90,406.32,406.77,405.95,1,1
406.77,407.15,406.77,406.96,406.05,1,0
406.96,407.10,406.51,406.57,406.12,1,0
406.57,406.88,406.39,406.46,406.16,1,1
406.46,406.87,406.42,406.66,406.22,1,1
406.66,406.94,406.46,406.78,406.28,1,0
406.77,406.87,406.41,406.68,406.33,1,1
406.68,406.78,406.29,406.76,406.39,1,0
406.78,406.85,406.62,406.68,406.43,1,0
406.68,406.82,406.16,406.31,406.44,0,0
406.30,406.59,405.65,406.05,406.43,0,1
406.05,407.50,406.00,407.26,406.51,1,0
407.28,407.30,404.73,405.40,406.45,0,0
405.40,405.88,404.84,405.27,406.37,0,0
405.25,405.26,403.50,404.58,406.23,0,1
404.58,405.44,404.22,404.74,406.12,0,0
404.74,405.30,404.09,404.21,405.96,0,1
404.15,405.58,403.75,405.55,405.91,0,1
405.55,406.49,405.47,406.30,405.92,1,1
406.30,407.75,406.16,407.54,406.03,1,0
407.54,407.71,406.97,407.01,406.09,1,1
407.00,407.49,406.75,407.07,406.16,1,1
407.10,408.06,406.98,407.86,406.28,1,1
407.86,408.57,407.46,407.91,406.40,1,0
407.89,407.89,407.39,407.73,406.51,1,1
407.73,408.18,407.53,408.08,406.63,1,0
408.08,408.37,407.71,407.96,406.75,1,1
407.95,408.28,407.87,408.11,406.87,1,0
408.10,408.38,407.62,407.96,406.97,1,0
407.96,408.17,407.52,407.59,407.04,1,1
407.59,408.10,407.26,407.81,407.13,1,0
407.81,407.81,406.79,407.04,407.15,0,1
407.01,407.80,407.00,407.60,407.22,1,1
407.60,408.33,407.28,408.26,407.33,1,0
403.52,403.70,402.94,403.23,407.05,0,0
403.22,403.80,402.26,402.52,406.73,0,0
402.52,402.58,401.62,401.95,406.37,0,1
401.95,402.53,401.83,402.17,406.05,0,0
402.18,402.35,401.50,401.85,405.71,0,0
401.84,401.94,400.87,401.16,405.33,0,1
401.16,401.83,401.03,401.54,404.99,0,0
401.53,402.12,401.03,401.08,404.62,0,1
401.08,401.80,400.88,401.75,404.32,0,0
401.73,401.99,401.24,401.43,404.00,0,0
401.43,401.93,400.90,401.34,403.69,0,0
401.34,401.75,400.44,400.45,403.33,0,0
400.45,400.77,400.19,400.38,402.99,0,1
400.38,400.44,399.93,400.43,402.67,0,0
400.43,400.62,400.04,400.41,402.37,0,1
400.39,401.14,400.08,400.77,402.12,0,0
400.78,400.79,400.18,400.33,401.86,0,1
400.33,400.78,400.12,400.77,401.66,0,0
400.76,400.76,399.76,399.89,401.41,0,0
399.89,400.06,399.28,399.35,401.15,0,0
399.35,399.35,398.64,399.01,400.88,0,0
399.01,399.02,398.05,398.28,400.59,0,0
398.28,398.29,397.29,397.36,400.25,0,0
397.36,397.83,396.09,397.03,399.92,0,1
397.03,397.43,396.53,397.39,399.65,0,1
397.39,397.87,397.27,397.44,399.42,0,1
397.44,398.21,397.36,398.07,399.25,0,0
398.07,398.11,397.16,397.52,399.05,0,0
397.52,397.79,396.37,396.38,398.78,0,1
396.38,396.92,396.29,396.50,398.54,0,0
396.51,396.77,396.23,396.41,398.31,0,0
396.41,396.45,395.69,395.96,398.06,0,1
395.96,396.34,395.58,396.24,397.84,0,1
396.24,396.79,396.13,396.31,397.65,0,0
396.32,396.47,395.22,395.29,397.39,0,1
395.27,395.88,395.26,395.64,397.18,0,1
395.64,396.13,395.34,396.06,397.02,0,1
396.06,396.44,395.78,396.31,396.89,0,0
396.31,396.31,395.66,395.78,396.74,0,1
395.77,396.62,395.61,396.62,396.66,0,1
396.61,397.06,396.53,396.99,396.62,1,1
396.99,397.16,396.57,397.05,396.60,1,0
397.05,397.05,396.10,396.20,396.53,0,0
396.20,396.20,394.82,394.92,396.37,0,0
394.92,395.08,394.44,394.55,396.19,0,0
394.55,394.65,393.95,394.05,396.00,0,1
394.05,394.73,394.05,394.25,395.83,0,1
394.25,394.51,393.94,394.37,395.68,0,1
394.36,394.65,394.05,394.60,395.57,0,1
394.60,394.94,394.42,394.78,395.47,0,0
394.77,394.79,393.48,393.66,395.29,0,0
393.65,393.82,393.00,393.02,395.08,0,0
393.02,393.24,392.54,392.93,394.88,0,1
392.93,393.10,392.46,393.01,394.69,0,1
393.01,393.32,392.60,393.10,394.53,0,1
393.10,393.28,392.60,393.18,394.38,0,0
393.18,393.48,392.65,392.79,394.21,0,1
392.79,393.60,392.33,393.32,394.09,0,0
393.32,393.73,392.90,393.20,393.97,0,1
393.20,393.82,393.19,393.72,393.90,0,0
393.72,393.89,392.49,392.67,393.76,0,0
392.64,392.65,391.87,392.30,393.59,0,0
392.29,392.78,392.00,392.28,393.44,0,1
392.28,392.84,391.47,392.49,393.31,0,0
392.49,392.82,391.85,392.03,393.16,0,0
392.05,392.50,391.43,391.69,392.99,0,1
391.69,392.33,391.62,391.89,392.86,0,1
391.89,392.68,391.86,391.90,392.75,0,0
391.90,392.46,391.67,391.69,392.63,0,1
391.69,392.32,391.65,391.94,392.54,0,0
391.94,392.34,390.95,391.15,392.40,0,0
391.15,391.20,390.70,390.85,392.24,0,1
390.86,391.26,390.71,390.86,392.10,0,1
390.87,392.74,390.73,392.34,392.08,1,0
392.34,392.67,391.23,391.46,392.00,0,0
391.46,391.84,390.83,391.08,391.90,0,0
391.09,392.04,390.55,390.73,391.78,0,1
390.72,392.20,390.65,391.89,391.75,1,0
388.62,390.61,388.47,390.31,391.61,0,1
390.29,391.79,389.93,390.87,391.52,0,0
390.88,391.22,388.93,389.12,391.31,0,0
389.11,389.27,387.32,387.52,390.98,0,1
387.54,388.42,387.11,388.23,390.72,0,1
388.22,389.65,388.00,388.64,390.51,0,1
388.63,391.09,388.25,390.45,390.45,0,0
390.45,390.72,389.03,389.56,390.34,0,1
389.53,390.84,389.37,389.97,390.27,0,1
389.94,391.05,389.65,390.48,390.24,1,1
390.45,391.92,390.32,391.23,390.27,1,0
391.23,391.29,389.11,389.60,390.19,0,1
389.60,390.50,388.71,390.38,390.17,1,0
390.37,390.72,388.55,389.11,390.06,0,0
389.10,389.28,388.20,388.58,389.91,0,0
388.58,389.28,388.05,388.42,389.77,0,1
388.42,389.64,387.86,389.61,389.72,0,0
389.61,390.23,388.82,389.32,389.66,0,1
389.32,390.06,389.15,389.63,389.63,0,0
389.63,389.77,388.29,389.32,389.58,0,0
389.30,390.28,389.03,389.09,389.52,0,1
389.09,389.70,388.51,389.52,389.50,1,1
389.51,390.41,388.93,390.19,389.54,1,0
390.19,390.20,389.13,389.56,389.53,1,1
389.56,391.07,389.56,390.99,389.63,1,1
390.99,392.31,390.54,392.13,389.83,1,1
392.13,393.34,392.11,392.94,390.08,1,1
392.94,393.34,392.53,393.02,390.33,1,0
393.02,393.17,391.77,392.03,390.50,1,0
392.03,392.06,391.29,391.90,390.64,1,1
391.90,392.24,391.51,392.06,390.78,1,1
392.05,392.48,391.72,392.27,390.92,1,1
392.27,392.79,392.25,392.43,391.08,1,0
392.43,393.00,391.70,391.93,391.18,1,0
391.93,391.95,390.77,391.24,391.23,1,1
391.22,391.85,390.92,391.70,391.31,1,0
391.71,391.92,390.81,391.20,391.35,0,0
391.20,391.28,390.00,390.07,391.30,0,0
390.06,390.22,389.26,389.35,391.19,0,0
389.35,389.56,388.82,389.11,391.07,0,1
389.09,389.71,389.07,389.13,390.94,0,1
389.13,390.05,388.86,389.96,390.88,0,0
389.96,390.24,389.30,389.63,390.79,0,1
389.63,390.58,389.32,389.76,390.71,0,0
389.78,389.91,388.33,388.79,390.55,0,1
388.79,389.63,388.35,389.63,390.46,0,1
389.63,390.24,389.15,390.02,390.40,0,0
390.03,390.33,389.37,389.64,390.31,0,1
389.65,390.57,389.28,389.83,390.23,0,1
389.83,390.40,389.47,390.22,390.18,1,1
390.22,390.65,389.77,390.32,390.15,1,0
390.31,390.48,388.48,388.66,389.99,0,1
388.65,390.67,388.54,390.55,389.99,1,1
390.55,392.25,390.54,391.75,390.09,1,0
391.75,391.85,390.53,390.77,390.11,1,0
390.81,390.89,390.00,390.75,390.14,1,1
390.75,391.44,390.36,390.86,390.18,1,0
390.86,391.44,390.35,390.42,390.19,1,1
390.42,391.30,390.08,390.94,390.24,1,0
390.94,391.13,390.28,390.90,390.30,1,1
390.90,391.40,390.44,390.95,390.36,1,1
390.95,392.24,390.47,391.63,390.48,1,0
391.63,391.70,390.44,391.61,390.59,1,1
391.60,392.57,391.27,392.52,390.77,1,1
392.52,393.13,392.13,392.94,390.97,1,0
392.94,392.99,391.81,392.79,391.14,1,1
392.79,394.14,392.47,393.70,391.38,1,0
393.71,393.90,392.57,392.59,391.52,1,0
392.59,392.70,391.62,392.21,391.62,1,0
392.16,392.40,391.10,391.40,391.65,0,0
391.41,391.46,390.22,390.27,391.59,0,0
390.26,390.81,389.78,389.83,391.49,0,0
389.83,390.43,389.59,389.65,391.37,0,0
389.65,389.97,389.20,389.43,391.24,0,1
389.44,390.71,389.05,390.54,391.20,0,0
390.54,391.10,389.48,390.16,391.13,0,0
390.16,390.56,389.04,389.68,391.01,0,0
389.69,390.20,389.32,389.45,390.88,0,1
393.00,397.03,392.59,392.74,391.01,1,1
392.75,393.17,391.66,392.91,391.14,1,1
392.91,393.83,392.49,393.56,391.32,1,0
393.56,393.83,392.13,392.50,391.41,1,1
392.51,393.18,392.24,392.95,391.53,1,0
392.95,393.17,392.20,392.76,391.63,1,0
392.75,393.28,392.02,392.39,391.69,1,0
392.45,392.52,390.39,390.63,391.61,0,1
390.63,390.79,390.24,390.68,391.54,0,1
390.71,391.21,390.50,390.74,391.47,0,0
390.77,390.83,389.85,390.51,391.39,0,1
390.51,391.38,390.18,391.06,391.36,0,0
391.08,391.16,390.41,390.48,391.29,0,0
390.46,390.58,389.92,390.18,391.20,0,1
390.18,390.85,390.02,390.66,391.16,0,0
390.66,390.83,389.68,389.84,391.06,0,0
389.84,390.01,388.48,388.50,390.87,0,0
388.50,388.73,387.47,387.56,390.62,0,1
387.56,389.02,387.39,387.63,390.37,0,0
387.63,387.76,386.67,386.88,390.08,0,0
386.89,387.00,385.88,386.63,389.78,0,0
386.64,386.64,385.66,385.90,389.43,0,0
385.91,385.99,385.48,385.58,389.06,0,1
385.57,386.88,385.48,386.57,388.79,0,1
386.57,387.45,386.42,387.14,388.58,0,0
387.13,387.15,385.93,386.20,388.29,0,0
386.20,387.07,385.97,385.99,388.01,0,1
385.99,386.87,385.93,386.76,387.81,0,0
386.76,387.26,386.23,386.42,387.61,0,0
386.42,386.96,386.12,386.20,387.41,0,0
386.20,386.36,385.63,385.86,387.20,0,0
385.86,386.21,384.31,384.32,386.90,0,1
384.32,384.93,383.57,384.72,386.65,0,0
384.72,384.76,384.06,384.16,386.37,0,1
384.16,384.94,384.05,384.85,386.17,0,0
384.85,384.85,384.07,384.44,385.96,0,0
384.45,384.87,383.89,383.90,385.72,0,0
383.90,384.01,383.08,383.33,385.46,0,0
383.34,383.34,382.46,382.47,385.16,0,1
382.46,383.45,381.87,383.36,384.95,0,0
383.36,383.42,382.37,382.64,384.71,0,1
382.64,383.56,382.58,382.97,384.51,0,0
382.94,383.03,381.94,382.38,384.29,0,0
382.40,382.93,381.53,381.71,384.03,0,1
381.71,381.99,381.29,381.74,383.79,0,0
381.74,381.88,381.18,381.21,383.52,0,0
381.22,381.66,380.93,381.08,383.26,0,0
381.08,381.21,380.60,380.66,382.99,0,1
380.66,382.90,380.54,382.82,382.89,0,0
382.82,383.30,382.13,382.61,382.79,0,1
382.61,383.19,382.09,382.94,382.74,1,1
382.93,383.82,382.57,383.11,382.70,1,1
383.11,384.07,382.56,383.57,382.71,1,0
383.57,383.95,383.17,383.46,382.72,1,0
383.48,383.80,382.93,383.17,382.71,1,0
383.17,383.21,382.07,382.77,382.69,1,0
382.77,383.23,382.43,382.64,382.66,0,0
382.64,382.97,381.67,382.08,382.60,0,1
382.10,382.63,381.62,382.14,382.55,0,1
382.14,382.60,381.88,382.39,382.52,0,0
382.39,382.79,381.38,381.60,382.44,0,1
381.58,382.40,381.55,381.95,382.40,0,1
381.97,383.25,381.83,383.14,382.45,1,1
383.14,383.46,382.41,383.30,382.52,1,1
383.30,384.82,382.95,384.15,382.65,1,0
384.15,384.44,383.47,383.51,382.73,1,0
383.51,384.15,382.71,382.98,382.76,1,0
382.98,383.22,382.37,382.68,382.78,0,1
382.68,382.89,382.36,382.75,382.79,0,1
382.75,383.78,382.74,383.47,382.86,1,1
383.49,384.28,383.13,383.70,382.94,1,1
383.70,385.28,383.46,385.27,383.14,1,1
385.25,386.34,384.47,386.15,383.39,1,1
386.16,387.85,385.76,387.07,383.69,1,1
387.07,389.11,386.96,388.13,384.06,1,1
388.13,388.63,387.06,388.36,384.43,1,1
388.37,389.64,388.13,389.06,384.84,1,1
389.06,389.93,388.50,389.59,385.27,1,1
389.82,390.27,389.53,389.78,385.70,1,0
389.80,389.88,389.00,389.22,386.07,1,1
389.27,389.63,388.93,389.49,386.43,1,1
389.47,390.08,389.35,390.06,386.82,1,0
390.05,390.10,389.63,389.77,387.17,1,0
389.80,389.82,389.50,389.60,387.48,1,1
389.60,389.84,389.59,389.62,387.76,1,1
389.62,389.84,389.55,389.77,388.04,1,1
389.77,390.09,389.77,390.07,388.31,1,1
390.06,390.12,389.97,390.09,388.57,1,0
390.10,390.10,389.63,389.96,388.79,1,0
389.97,390.01,389.83,389.95,388.98,1,1
389.95,390.05,389.90,390.02,389.17,1,1
390.04,390.04,389.63,390.03,389.34,1,0
390.04,390.04,389.90,389.95,389.47,1,1
389.99,390.03,389.95,390.02,389.60,1,0
390.00,390.04,389.90,389.96,389.69,1,1
390.05,390.05,389.83,390.02,389.77,1,0
389.99,390.07,384.65,390.01,389.83,1,1
390.02,390.08,384.24,390.04,389.88,1,0
390.00,390.08,390.00,390.04,389.91,1,0
390.04,390.05,390.00,390.02,389.94,1,1
390.03,390.12,390.00,390.12,389.96,1,0
390.11,390.17,390.05,390.12,389.98,1,0
390.15,390.15,390.00,390.07,390.00,1,1
390.07,390.15,390.07,390.13,390.01,1,1
390.13,390.18,390.05,390.17,390.03,1,1
390.17,390.22,390.16,390.18,390.05,1,1
390.16,390.26,390.16,390.23,390.07,1,0
390.25,390.25,390.15,390.15,390.08,1,1
390.15,390.25,390.12,390.17,390.09,1,1
390.18,390.19,390.13,390.17,390.10,1,1
390.11,390.25,390.11,390.20,390.11,1,1
390.23,390.35,381.88,390.34,390.13,1,1
390.32,390.48,390.30,390.42,390.16,1,1
390.42,390.49,390.33,390.43,390.18,1,1
390.43,390.54,389.63,390.54,390.22,1,0
390.52,390.54,390.36,390.48,390.24,1,0
390.42,390.48,390.40,390.44,390.26,1,0
390.44,390.47,390.30,390.35,390.28,1,0
390.34,390.38,390.32,390.32,390.29,1,1
390.35,390.40,390.32,390.40,390.30,1,0
390.39,390.39,390.32,390.38,390.31,1,1
390.37,390.47,390.32,390.40,390.33,1,1
390.40,391.05,390.40,390.58,390.35,1,0
390.60,390.67,390.54,390.54,390.37,1,1
390.66,390.66,390.54,390.56,390.39,1,0
390.54,390.82,390.54,390.56,390.41,1,0