Date,Open,High,Low,Close,FW Moving Average 25,RWG
44693.48056,393.01,393.35,391.95,392.15,,
44693.48194,392.15,392.34,391.416,391.54,,Red
44693.48333,391.54,392.197,391.49,391.89,,White
44693.48472,391.89,392.43,391.79,391.93,,White
44693.48611,391.89,392.83,391.59,392.74,,Green
44693.4875,392.74,392.755,392.34,392.56,,White
44693.48889,392.56,392.77,391.48,391.8,,Red
44693.49028,391.8,391.87,390.93,391.21,,Red
44693.49167,391.21,391.23,390.3,390.4332,,Red
44693.49306,390.41,390.68,390.28,390.3451,,White
44693.49444,390.35,390.35,389.56,389.6842,,Red
44693.49583,389.6842,389.71,389.17,389.48,,Red
44693.49722,389.46,389.9,389.2,389.24,,White
44693.49861,389.24,389.35,388.83,388.97,,Red
44693.5,388.97,389.08,388.66,388.697,,Red
44693.50139,388.697,388.79,388.16,388.22,,Red
44693.50278,388.22,388.8,388.2,388.64,,White
44693.50417,388.64,389.03,388.41,388.51,,White
44693.50556,388.5,389.2671,388.5,389.1246,,Green
44693.50694,389.1246,389.45,388.8,389.19,,White
44693.50833,389.19,389.71,388.27,389.29,,White
44693.50972,389.29,389.29,388.6,388.98,,White
44693.51111,388.98,389.5,388.85,389.25,,White
44693.5125,389.25,389.58,388.565,388.75,,Red
44693.51389,388.75,389.31,388.26,389.195,389.4085,White
44693.51528,389.195,390.07,388.695,389.71,389.3806,Green
44693.51667,389.71,389.83,389.29,389.56,389.3487,White
44693.51806,389.56,390.31,389.45,390.05,389.3606,Green
44693.51944,390.06,390.83,389.98,390.7135,389.4291,Green
44693.52083,390.73,390.8,390.2,390.5099,389.4857,White
44693.52222,390.51,391.5,390.44,391.2601,389.6069,Green
44693.52361,391.2601,391.785,391.0601,391.42,389.7444,White
44693.525,391.42,391.89,391.42,391.89,389.9193,Green
44693.52639,391.855,391.94,391.21,391.24,390.042,Red
44693.52778,391.24,391.58,390.97,390.97,390.1415,Red
44693.52917,390.97,391.0153,389.79,389.8,390.149,Red
44693.53056,389.8,391.42,389.8,391.36,390.2762,Green
44693.53194,391.36,392.29,391.28,391.85,390.4353,Green
44693.53333,391.85,392.36,391.73,391.7558,390.5792,White
44693.53472,391.78,392.0302,390.95,391.29,390.6786,Red
44693.53611,391.2403,391.65,391.02,391.1,390.7554,White
44693.5375,391.105,391.64,390.64,391.5,390.8542,White
44693.53889,391.51,391.54,390.89,390.89,390.8972,White
44693.54028,390.89,391.82,390.84,391.56,390.9844,Green
44693.54167,391.58,391.68,390.27,390.47,390.9803,Red
44693.54306,390.47,390.88,390.03,390.78,390.9961,White
44693.54444,390.76,391.1,390.48,390.56,390.9904,White
44693.54583,390.56,390.57,389.16,389.52,390.8998,Red
44693.54722,389.52,389.97,389.25,389.74,390.8253,White
44693.54861,389.74,389.93,389.38,389.62,390.7386,White
44693.55,389.62,390.13,389.4511,390.09,390.6867,Green
44693.55139,390.07,390.6,389.65,389.7879,390.6104,White
44693.55278,389.7879,390.19,389.34,390.0928,390.5568,White
44693.55417,390.0999,390.33,389.26,389.6682,390.4705,White
44693.55556,389.6682,389.73,388.82,389.04,390.339,Red
44693.55694,389.04,389.91,389.02,389.645,390.2586,White
44693.55833,389.645,389.79,388.88,389,390.1336,Red
44693.55972,389,389.53,389,389.45,390.0506,White
44693.56111,389.45,389.6,389.07,389.29,389.9628,White
44693.5625,389.29,389.4,388.67,389.34,389.8849,White
44693.56389,389.34,389.7617,388.93,389.56,389.8289,Green
44693.56528,389.56,389.56,388.25,388.88,389.7213,Red
44693.56667,388.86,388.9414,388.51,388.89,389.6221,White
44693.56806,388.89,388.98,387.94,388.01,389.4644,Red
44693.56944,388.01,388.06,387.72,387.845,389.3055,Red
44693.57083,387.845,387.99,387.62,387.66,389.1429,Red
44693.57222,387.66,388.06,387.52,387.68,388.9925,White
44693.57361,387.68,387.9,387.5701,387.69,388.8546,White
44693.575,387.69,387.7,387,387.0236,388.6753,Red
44693.57639,387.0236,387.06,386.54,386.59,388.4765,Red
44693.57778,386.59,387.05,386.54,386.78,388.3044,White
44693.57917,386.78,386.96,386.56,386.95,388.1576,White
44693.58056,386.9296,386.96,386.5,386.5,387.9873,Red
44693.58194,386.5,387.64,386.34,387.6083,387.9116,Green
44693.58333,387.6083,387.61,386.7399,387.04,387.7987,White
44693.58472,387.04,387.54,386.84,387.48,387.7276,White
44693.58611,387.47,387.96,387.26,387.9299,387.6991,Green
44693.5875,387.91,387.91,386.7501,386.8,387.5894,Red
44693.58889,386.8,387.25,386.6,386.73,387.4845,Red
44693.59028,386.73,386.74,386.0577,386.1,387.3401,Red
44693.59167,386.1,386.44,386.02,386.37,387.2256,White
44693.59306,386.37,386.64,386.06,386.28,387.1143,White
44693.59444,386.28,386.82,386.275,386.74,387.0466,Green
44693.59583,386.74,386.96,386.34,386.56,386.9735,White
44693.59722,386.56,387.33,386.47,387.1905,386.9573,Green
44693.59861,387.1905,387.76,387.0465,387.27,386.9538,White
44693.6,387.27,387.27,386.42,386.42,386.8919,Red
44693.60139,386.42,386.87,386.25,386.77,386.8646,White
44693.60278,386.77,387.34,386.47,387.02,386.863,Green
44693.60417,387.02,387.1587,386.46,386.96,386.8598,White
44693.60556,386.96,387.17,386.36,386.36,386.8132,Red
44693.60694,386.36,386.38,385.6557,385.7489,386.7236,Red
44693.60833,385.7489,386.27,385.7,385.94,386.6547,White
44693.60972,385.92,386.15,385.64,386.08,386.6019,White
44693.61111,386.08,386.16,385.38,385.515,386.5085,Red
44693.6125,385.515,385.79,385.405,385.55,386.4212,White
44693.61389,385.55,385.87,385.1701,385.2,386.3107,Red
44693.61528,385.21,386.32,385.155,386.07,386.2725,Green
44693.61667,386.04,386.21,385.485,385.99,386.2295,White
44693.61806,385.99,386.16,385.52,385.57,386.1591,White
44693.61944,385.58,386.02,385.15,385.91,386.1194,White
44693.62083,385.93,386.47,385.77,386.38,386.1207,Green
44693.62222,386.38,386.47,385.75,385.83,386.0845,White
44693.62361,385.83,386.05,385.45,385.45,386.022,Red
44693.625,385.45,385.7724,385.38,385.7349,385.9854,White
44693.62639,385.7349,386.57,385.48,385.49,385.9311,White
44693.62778,385.49,386.79,385.48,386.57,385.9625,White
44693.62917,386.59,387.08,386.395,386.645,385.9988,White
44693.63056,386.645,386.71,385.9,386.185,386.0001,Red
44693.63194,386.2,386.25,385.8,386.2,386.0036,White
44693.63333,386.22,386.25,385.37,385.82,385.981,White
44693.63472,385.82,386.29,385.72,386.13,385.9866,White
44693.63611,386.14,386.91,386,386.75,386.0409,Green
44693.6375,386.75,387.12,386.36,387.09,386.1213,Green
44693.63889,387.09,388.16,386.975,387.88,386.2624,Green
44693.64028,387.88,389.58,387.67,389.55,386.529,Green
44693.64167,389.55,389.92,389.09,389.535,386.7847,White
44693.64306,389.535,389.87,388.8,389.48,387.0245,White
44693.64444,389.48,390.35,389.28,389.6355,387.2654,White
44693.64583,389.6355,389.8,388.05,388.17,387.3826,Red
44693.64722,388.17,388.9601,388.0901,388.48,387.5154,White
44693.64861,388.48,389.98,388.4301,389.2,387.6947,Green
44693.65,389.2,389.69,388.4301,389.3,387.8693,White
44693.65139,389.3,389.64,388.595,388.72,387.9894,White
44693.65278,388.72,389.88,388.71,389.78,388.1826,Green
44693.65417,389.78,390.1,389.41,389.95,388.3759,Green
44693.65556,389.95,390.8,389.05,389.16,388.4961,Red
44693.65694,389.16,390.16,388.99,389.74,388.6523,White
44693.65833,389.76,389.98,389.26,389.9,388.8088,White
44693.65972,389.88,390.46,389.44,389.47,388.9185,White
44693.66111,389.47,391.51,389.47,391.5,389.1729,Green
44693.6625,391.5,391.55,390.28,390.72,389.3487,White
44693.66389,390.73,390.77,389.89,390.42,389.4887,White
44693.66528,390.42,391.72,390.42,391.62,389.7095,Green
44693.66667,391.63,392.58,391.45,392.39,389.9727,Green
44694.39722,396.73,397.13,396.57,397.04,390.5746,Green
44694.39861,397.02,397.32,396.46,396.555,391.1046,Red
44694.4,396.555,396.68,395.61,396.03,391.5622,Red
44694.40139,396,397.43,395.83,397.27,392.0866,Green
44694.40278,397.24,397.53,396.73,396.92,392.5528,White
44694.40417,396.92,397.68,396.2699,396.96,392.9942,White
44694.40556,396.97,397.65,396.91,397.26,393.4359,White
44694.40694,397.26,397.75,397.18,397.3201,393.8585,White
44694.40833,397.3201,397.97,396.73,397.23,394.25,White
44694.40972,397.23,397.49,396.86,397.1,394.6081,White
44694.41111,397.1,398.15,397.1,397.8,394.9926,Green
44694.4125,397.8,398.77,397.8,398.7,395.4177,Green
44694.41389,398.69,399.07,398.69,398.75,395.8174,White
44694.41528,398.76,398.93,398.42,398.635,396.1791,Red
44694.41667,398.63,398.71,398.21,398.64,396.5107,White
44694.41806,398.64,399.27,398.4601,399.22,396.8597,Green
44694.41944,399.22,399.98,399.22,399.5689,397.207,Green
44694.42083,399.57,399.895,399.5,399.7155,397.5336,White
44694.42222,399.715,399.88,399.265,399.265,397.7948,Red
44694.42361,399.265,399.88,399.07,399.73,398.0629,White
44694.425,399.73,400.1,399.29,399.91,398.3134,Green
44694.42639,399.91,399.95,399.38,399.79,398.5287,White
44694.42778,399.79,400.22,399.43,399.79,398.7161,White
44694.42917,399.78,399.97,399.48,399.75,398.8716,White
44694.43056,399.75,399.87,399.22,399.87,399.0114,White
44694.43194,399.87,400.6,399.8,400.57,399.1819,Green
44694.43333,400.57,401.19,400.56,400.95,399.3708,Green
44694.43472,400.93,401.29,400.9028,401.26,399.5701,Green
44694.43611,401.26,401.32,400.86,401.17,399.7463,White
44694.4375,401.17,401.49,400.96,400.98,399.8959,White
44694.43889,400.97,401.11,400.87,401.08,400.0407,White
44694.44028,401.08,401.35,400.99,401,400.1667,White
44694.44167,401.02,401.45,401.01,401.26,400.3012,White
44694.44306,401.25,401.4,401,401.15,400.4151,White
44694.44444,401.15,401.285,400.75,401.08,400.5115,White
44694.44583,401.08,401.17,400.65,400.79,400.5734,White
44694.44722,400.795,400.82,400.16,400.275,400.5865,Red
44694.44861,400.28,400.2878,399.35,399.55,400.539,Red
44694.45,399.55,400.475,399.5,400.33,400.549,Green
44694.45139,400.33,400.4,400.08,400.14,400.5392,White
44694.45278,400.135,400.4492,399.995,400.36,400.5416,White
44694.45417,400.355,400.92,400.34,400.92,400.5837,Green
44694.45556,400.92,401.18,400.84,401.12,400.637,Green
44694.45694,401.12,401.31,400.69,400.8202,400.6628,Red
44694.45833,400.82,401.1,400.76,400.89,400.6893,White
44694.45972,400.89,400.97,400.255,400.46,400.6792,Red
44694.46111,400.48,401.03,400.41,400.7815,400.692,White
44694.4625,400.7815,401.03,400.44,400.85,400.7071,White
44694.46389,400.85,401.135,400.83,400.98,400.7289,White
44694.46528,400.99,401.15,400.7101,401.02,400.7501,White
44694.46667,401.02,401.16,400.853,400.94,400.7615,White
44694.46806,400.94,401.17,400.735,400.96,400.7733,White
44694.46944,400.96,401.19,400.6,400.8701,400.7782,White
44694.47083,400.8701,400.9,400.31,400.6899,400.7704,White
44694.47222,400.71,400.95,400.28,400.56,400.7541,White
44694.47361,400.55,401.1,400.52,400.94,400.7683,White
44694.475,400.94,401.275,400.74,401.27,400.8084,Green
44694.47639,401.27,401.44,400.98,401.21,400.843,White
44694.47778,401.21,401.63,401.12,401.59,400.907,Green
44694.47917,401.5899,401.6,401.3202,401.55,400.9665,White
44694.48056,401.56,401.75,401.41,401.44,401.0161,White
44694.48194,401.44,401.63,401.05,401.38,401.0591,Red
44694.48333,401.38,401.5,401.23,401.44,401.1034,White
44694.48472,401.4501,401.72,401.42,401.63,401.1564,Green
44694.48611,401.63,401.79,401.33,401.62,401.2047,White
44694.4875,401.62,401.6909,400.96,401.05,401.2046,Red
44694.48889,401.05,401.24,400.79,400.995,401.1981,White
44694.49028,400.995,401.28,400.99,401.09,401.1987,White
44694.49167,401.1001,401.1801,400.8001,401.0701,401.1978,White
44694.49306,401.0701,401.1701,400.8701,401.0101,401.1916,White
44694.49444,401.0101,401.4701,400.9101,401.2701,401.205,Green
44694.49583,401.2701,401.61,401.2101,401.5001,401.2336,Green
44694.49722,401.5,401.67,401.49,401.54,401.2631,White
44694.49861,401.54,401.68,401.4,401.58,401.2935,White
44694.5,401.58,401.7,401.35,401.57,401.3213,White
44694.50139,401.58,401.74,401.4401,401.67,401.3551,White
44694.50278,401.67,401.88,401.47,401.84,401.3997,Green
44694.50417,401.84,402.2,401.83,402.17,401.467,Green
44694.50556,402.18,402.48,402.14,402.47,401.5534,Green
44694.50694,402.47,402.71,402.37,402.71,401.6528,Green
44694.50833,402.71,402.75,402.48,402.635,401.7398,White
44694.50972,402.64,403.11,402.64,403.0774,401.8556,Green
44694.51111,403.07,403.18,402.781,402.9,401.9521,White
44694.5125,402.9,403.03,402.81,402.81,402.0366,White
44694.51389,402.8199,402.82,402.511,402.525,402.0954,Red
44694.51528,402.525,402.67,402.3,402.42,402.1431,Red
44694.51667,402.42,402.46,402.1001,402.11,402.164,Red
44694.51806,402.12,402.3,401.83,401.9501,402.1703,Red
44694.51944,401.9563,402.04,401.77,401.845,402.167,White
44694.52083,401.85,402.27,401.85,402.2489,402.194,Green
44694.52222,402.2489,402.64,402.24,402.61,402.2469,Green
44694.52361,402.62,402.77,402.55,402.62,402.2958,White
44694.525,402.62,402.62,402.41,402.495,402.33,Red
44694.52639,402.495,402.66,402.49,402.58,402.3665,White
44694.52778,402.58,402.65,402.47,402.545,402.3956,White
44694.52917,402.5474,402.78,402.46,402.76,402.4366,Green
44694.53056,402.77,402.78,402.515,402.585,402.4595,White
44694.53194,402.595,402.68,402.06,402.11,402.4425,Red
44694.53333,402.125,402.46,402,402.06,402.42,White
44694.53472,402.02,402.17,401.78,401.8082,402.3765,Red
44694.53611,401.8,401.82,401.03,401.06,402.2748,Red
44694.5375,401.0599,401.21,400.691,401.12,402.1796,White
44694.53889,401.13,401.5348,400.96,401.485,402.1147,Green
44694.54028,401.485,401.79,401.4586,401.69,402.0677,Green
44694.54167,401.69,401.79,401.53,401.76,402.0284,White
44694.54306,401.76,402.15,401.75,402.1383,402.0211,Green
44694.54444,402.145,402.17,401.55,401.76,401.9863,White
44694.54583,401.76,402.03,401.37,401.4,401.9279,Red
44694.54722,401.4,401.69,401.21,401.235,401.8614,Red
44694.54861,401.26,401.55,401.25,401.38,401.8108,White
44694.55,401.38,401.62,401.09,401.2299,401.7523,Red
44694.55139,401.2299,401.6,401.17,401.51,401.7189,White
44694.55278,401.51,401.7,401.12,401.16,401.6605,Red
44694.55417,401.165,401.53,401.0699,401.19,401.6068,White
44694.55556,401.19,401.2979,400.89,401.0401,401.5436,Red
44694.55694,401.05,401.11,400.6,400.74,401.4611,Red
44694.55833,400.74,401.17,400.67,401.14,401.4151,Green
44694.55972,401.14,401.46,401.05,401.41,401.3943,Green
44694.56111,401.41,401.56,400.991,401.08,401.3516,White
44694.5625,401.08,401.2101,400.8401,400.88,401.2981,Red
44694.56389,400.88,401.17,400.82,400.86,401.2481,White
44694.56528,400.86,401.29,400.77,401.25,401.234,Green
44694.56667,401.26,401.325,400.91,401.07,401.2102,White
44694.56806,401.07,401.2401,400.68,400.75,401.1649,Red
44694.56944,400.75,400.9799,400.58,400.62,401.1137,Red
44694.57083,400.62,400.65,399.9199,399.98,401.0169,Red
44694.57222,399.98,400.12,399.91,400.09,400.9319,White
44694.57361,400.1,400.39,399.91,399.9942,400.8427,White
44694.575,400,400,399.68,399.75,400.7393,Red
44694.57639,399.74,400.39,399.74,400.33,400.6865,Green
44694.57778,400.3101,400.42,400.061,400.18,400.6265,White
44694.57917,400.18,400.21,399.82,399.83,400.5457,Red
44694.58056,399.82,400.12,399.54,399.5899,400.4523,Red
44694.58194,399.57,399.58,399.12,399.2556,400.3387,Red
44694.58333,399.25,399.46,399.21,399.35,400.2386,White
44694.58472,399.35,399.35,398.63,398.85,400.1061,Red
44694.58611,398.85,398.85,397.97,398.12,399.9249,Red
44694.5875,398.12,398.16,397.18,397.4155,399.6999,Red
44694.58889,397.4155,398.18,397.4155,398.08,399.5376,White
44694.59028,398.085,398.48,397.83,398.33,399.404,Green
44694.59167,398.33,398.67,398.315,398.66,399.3042,Green
44694.59306,398.66,398.76,398.07,398.1001,399.1677,Red
44694.59444,398.1001,398.22,397.79,397.81,399.0182,Red
44694.59583,397.81,398.31,397.72,398.11,398.9029,White
44694.59722,398.12,398.71,398.018,398.71,398.8429,Green
44694.59861,398.71,398.76,398.24,398.38,398.7642,White
44694.6,398.36,398.56,397.65,397.84,398.6516,Red
44694.60139,397.84,398.25,397.78,397.833,398.5489,White
44694.60278,397.83,398.15,397.54,397.6567,398.4426,Red
44694.60417,397.6567,398.17,397.6,398.14,398.383,White
44694.60556,398.14,399.71,398.11,399.7,398.451,Green
44694.60694,399.7,399.71,398.81,399.38,398.4953,White
44694.60833,399.38,399.3825,398.38,398.58,398.4803,Red
44694.60972,398.57,398.65,398.3,398.4,398.4557,White
44694.61111,398.4,398.78,398.25,398.63,398.453,White
44694.6125,398.6099,399.2,398.37,398.78,398.4671,White
44694.61389,398.78,399.315,398.75,399.05,398.5062,White
44694.61528,399.05,399.27,398.64,398.9,398.5362,White
44694.61667,398.91,398.97,398.41,398.93,398.5706,White
44694.61806,398.92,398.965,398.35,398.74,398.5915,White
44694.61944,398.735,399.66,398.62,399.59,398.6795,Green
44694.62083,399.59,400.2997,399.56,400.17,398.8099,Green
44694.62222,400.1833,400.6,400.16,400.264,398.9413,White
44694.62361,400.264,400.52,400.23,400.27,399.0643,White
44694.625,400.29,400.56,400.26,400.55,399.2021,Green
44694.62639,400.56,400.99,400.37,400.86,399.357,Green
44694.62778,400.85,400.9,400.56,400.5702,399.4828,White
44694.62917,400.58,400.82,400.32,400.79,399.6179,White
44694.63056,400.8,401.185,400.665,401,399.7599,Green
44694.63194,401,401.2165,400.89,401.18,399.907,White
44694.63333,401.19,401.28,401.06,401.1199,400.0418,White
44694.63472,401.1199,401.53,401.07,401.46,400.1944,Green
44694.63611,401.455,401.75,401.36,401.515,400.34,White
44694.6375,401.515,401.88,401.48,401.84,400.4993,Green
44694.63889,401.83,402.14,401.83,401.865,400.6476,White
44694.64028,401.875,401.9,401.44,401.55,400.7603,Red
44694.64167,401.55,402.11,401.5386,402.0682,400.9071,Green
44694.64306,402.06,402.14,401.7,401.72,401.0189,White
44694.64444,401.72,402.25,401.68,402.15,401.1541,Green
44694.64583,402.15,402.42,402.04,402.37,401.2947,Green
44694.64722,402.37,402.55,402.02,402.05,401.3991,White
44694.64861,402.05,402.21,401.2,401.315,401.437,Red
44694.65,401.315,401.45,400.6501,400.6543,401.4171,Red
44694.65139,400.675,401.175,400.27,401.16,401.4306,White
44694.65278,401.15,401.59,400.95,400.9605,401.422,White
44694.65417,400.9605,401.44,400.85,401.27,401.4303,White
44694.65556,401.25,401.81,400.99,401.3601,401.4404,White
44694.65694,401.37,401.9799,401.15,401.8,401.4807,White
44694.65833,401.8,401.89,400.94,401.13,401.4647,Red
44694.65972,401.14,401.32,400.6,401.18,401.4499,White
44694.66111,401.18,401.66,399.96,400.27,401.3632,Red
44694.6625,400.29,400.56,399.88,400.08,401.2636,White
44694.66389,400.04,401.2,400.03,400.7216,401.215,Green
44694.66528,400.73,401.27,400.7211,401.23,401.2056,Green
44694.66667,401.23,401.77,401.005,401.69,401.2309,Green
44697.39722,400.04,400.88,399.84,400.23,401.1424,Red
44697.39861,400.23,400.62,399.56,399.67,401.0135,Red
44697.4,399.67,400.02,399.43,399.6,400.8847,White
44697.40139,399.6,399.92,399.1619,399.84,400.7803,White
44697.40278,399.84,401.09,399.82,401.07,400.7766,Green
44697.40417,401.07,401.29,400.43,400.54,400.7347,White
44697.40556,400.54,401.22,400.28,400.74,400.7112,White
44697.40694,400.74,400.74,398.7,398.71,400.5357,Red
44697.40833,398.71,398.88,398.05,398.28,400.3363,Red
44697.40972,398.28,398.33,397.71,398.0336,400.1299,Red
44697.41111,398.0336,398.7,397.6,398.42,399.9666,Green
44697.4125,398.42,399.31,398.2099,398.9499,399.8552,Green
44697.41389,398.9499,399.53,398.61,399.01,399.7556,White
44697.41528,399.04,399.24,398.38,398.9675,399.6579,White
44697.41667,398.97,399.14,398.52,398.7241,399.5482,White
44697.41806,398.7241,398.9899,397.65,398.015,399.3909,Red
44697.41944,398.0001,398.4801,397.9201,398.3,399.2654,White
44697.42083,398.3,399.2,398.2701,399.05,399.2072,Green
44697.42222,399.06,399.6,398.64,399.41,399.185,Green
44697.42361,399.41,400.1,399.22,400.04,399.2166,Green
44697.425,400.04,400.605,399.68,400.5,399.2871,Green
44697.42639,400.51,400.83,400.06,400.2599,399.3384,White
44697.42778,400.2599,400.5199,399.88,400.47,399.4053,White
44697.42917,400.49,401.0241,400.49,400.79,399.4976,Green
44697.43056,400.79,400.82,400.27,400.64,399.5797,White
44697.43194,400.64,401.22,400.6,400.76,399.6743,White
44697.43333,400.76,401.33,400.57,401.1,399.7934,White
44697.43472,401.1,401.4,400.74,400.84,399.8881,White
44697.43611,400.84,400.92,400.29,400.8,399.976,White
44697.4375,400.8,401.79,400.57,401.59,400.1216,Green
44697.43889,401.59,401.75,400.81,401.0548,400.2244,White
44697.44028,401.07,401.07,400.13,400.17,400.2577,Red
44697.44167,400.17,400.37,399.81,400.29,400.3018,White
44697.44306,400.27,400.515,399.89,399.89,400.3104,White
44697.44444,399.89,400.58,399.87,400.44,400.3564,White
44697.44583,400.42,400.42,399.84,400.04,400.3641,White
44697.44722,400.04,400.48,399.551,400.2,400.3792,White
44697.44861,400.15,400.29,399.72,399.77,400.3573,White
44697.45,399.77,399.77,399.02,399.3,400.297,Red
44697.45139,399.3,399.4,398.89,398.98,400.211,Red
44697.45278,398.98,399.32,398.73,399.3015,400.149,White
44697.45417,399.3015,399.3015,398.64,398.735,400.0394,White
44697.45556,398.735,399.04,398.52,398.7,399.9258,White
44697.45694,398.705,398.98,398.4128,398.98,399.8348,White
44697.45833,398.98,398.99,398.36,398.52,399.7097,White
44697.45972,398.54,398.83,398.08,398.77,399.6086,White
44697.46111,398.77,398.85,398.3,398.58,399.4982,White
44697.4625,398.59,398.93,398.42,398.46,399.3837,White
44697.46389,398.44,398.49,397.98,398.34,399.2661,Red
44697.46528,398.34,399.16,398.3,399.06,399.2115,Green
44697.46667,399.08,399.34,398.82,399.25,399.1764,Green
44697.46806,399.25,399.34,398.67,398.8,399.1112,Red
44697.46944,398.8,399.11,398.77,399.01,399.0694,White
44697.47083,399.02,399.82,399,399.7453,399.0897,Green
44697.47222,399.72,399.745,399.34,399.44,399.0898,White
44697.47361,399.44,399.44,398.7789,399.07,399.068,Red
44697.475,399.07,399.49,398.95,399.08,399.0531,White
44697.47639,399.09,399.31,398.83,398.88,399.0262,Red
44697.47778,398.88,399.3,398.731,399.08,399.019,White
44697.47917,399.08,399.24,398.81,399.0952,399.0154,White
44697.48056,399.0952,399.32,398.87,399.225,399.026,White
44697.48194,399.225,399.37,398.52,399.15,399.0333,White
44697.48333,399.15,399.68,398.7,398.71,399.01,White
44697.48472,398.71,399.19,398.32,399.05,399.0161,White
44697.48611,399.05,399.99,398.96,399.86,399.0853,Green
44697.4875,399.86,399.94,399.18,399.26,399.1057,White
44697.48889,399.24,399.83,399.08,399.62,399.1538,White
44697.49028,399.62,400.6,399.5901,400.37,399.2569,Green
44697.49167,400.37,400.76,400.25,400.69,399.3795,Green
44697.49306,400.695,400.95,400.61,400.82,399.5068,Green
44697.49444,400.83,401,400.36,400.94,399.6363,White
44697.49583,400.94,401.27,400.9,401.1801,399.7776,Green
44697.49722,401.1846,401.6,401.06,401.54,399.9386,Green
44697.49861,401.54,401.71,401.15,401.42,400.0808,White
44697.5,401.43,401.49,401.2206,401.43,400.2144,White
44697.50139,401.43,401.6494,401.23,401.62,400.3553,Green
44697.50278,401.62,401.9099,401.52,401.845,400.5062,Green
44697.50417,401.845,402.079,401.02,401.02,400.5842,Red
44697.50556,401.02,401.22,400.61,401.09,400.6615,White
44697.50694,401.09,401.27,400.78,400.9244,400.7219,White
44697.50833,400.9244,401.04,400.51,400.67,400.7581,Red
44697.50972,400.67,400.91,400.63,400.83,400.8018,White
44697.51111,400.85,401,400.25,400.3,400.7992,Red
44697.5125,400.31,400.55,400.09,400.11,400.7777,Red
44697.51389,400.09,400.54,400.04,400.48,400.7815,White
44697.51528,400.46,400.5299,400.1538,400.36,400.7718,White
44697.51667,400.37,400.57,400.26,400.4,400.7617,White
44697.51806,400.39,400.4339,399.89,400.17,400.73,Red
44697.51944,400.17,400.48,400.01,400.42,400.7131,White
44697.52083,400.4,400.57,400.21,400.3523,400.6868,White
44697.52222,400.36,400.5,400.031,400.183,400.6459,Red
44697.52361,400.19,400.77,400.09,400.5565,400.6309,Green
44697.525,400.57,401.1,400.39,400.84,400.6348,Green
44697.52639,400.84,400.91,400.22,400.4,400.6035,White
44697.52778,400.3899,400.45,399.76,399.83,400.5291,Red
44697.52917,399.83,399.99,399.62,399.8499,400.4594,White
44697.53056,399.81,399.84,399.61,399.775,400.3873,White
44697.53194,399.775,399.775,399.4302,399.63,400.3083,White
44697.53333,399.63,400.14,399.63,399.941,400.2591,Green
44697.53472,399.941,400.48,399.935,400.44,400.2529,Green
44697.53611,400.46,400.56,399.86,399.904,400.2085,Red
44697.5375,399.904,400.07,399.79,399.87,400.1667,White
44697.53889,399.87,399.9101,399.47,399.62,400.1118,Red
44697.54028,399.6,399.835,399.43,399.72,400.0689,White
44697.54167,399.7199,399.9999,399.6699,399.8499,400.0402,Green
44697.54306,399.8499,399.8499,399.3399,399.7499,400.0071,White
44697.54444,399.7499,400.0299,399.7499,400.0199,399.9976,Green
44697.54583,400.0199,400.1699,399.8499,400.0999,399.9968,Green
44697.54722,400.08,400.74,400.03,400.6599,400.0396,Green
44697.54861,400.66,400.77,400.48,400.72,400.0854,White
44697.55,400.72,401.38,400.5,401.23,400.1697,Green
44697.55139,401.23,401.47,401.1712,401.333,400.2592,White
44697.55278,401.35,401.5,401.11,401.17,400.3333,Red
44697.55417,401.15,401.44,400.92,400.93,400.3859,Red
44697.55556,400.93,400.93,400.38,400.51,400.4046,Red
44697.55694,400.51,400.99,400.39,400.98,400.4589,Green
44697.55833,400.98,401.72,400.98,401.72,400.5677,Green
44697.55972,401.73,401.91,401.375,401.63,400.6661,White
44697.56111,401.63,401.9899,401.6,401.93,400.7851,Green
44697.5625,401.93,402.3099,401.89,402.17,400.9178,Green
44697.56389,402.17,402.58,402.17,402.5201,401.0703,Green
44697.56528,402.535,402.56,402.22,402.32,401.1991,White
44697.56667,402.32,402.57,402.2,402.53,401.3363,White
44697.56806,402.5,402.56,402.03,402.31,401.4476,White
44697.56944,402.31,402.4,402.0601,402.29,401.5501,White
44697.57083,402.27,402.81,402.23,402.36,401.6523,White
44697.57222,402.36,402.36,401.63,402.27,401.74,White
44697.57361,402.27,402.5914,402.05,402.068,401.8048,White
44697.575,402.068,402.22,401.89,402.14,401.8676,White
44697.57639,402.14,402.26,401.79,401.8893,401.9037,Red
44697.57778,401.8893,402.29,401.8893,402.23,401.9597,White
44697.57917,402.23,402.3,401.89,401.904,401.983,White
44697.58056,401.904,402.2,401.71,402.13,402.0179,White
44697.58194,402.13,402.35,401.86,401.96,402.0334,White
44697.58333,401.96,402.13,401.7776,402,402.048,White
44697.58472,402,402.09,401.49,401.92,402.0526,White
44697.58611,401.8922,402.25,401.75,402.21,402.0773,Green
44697.5875,402.21,402.95,402.03,402.865,402.1497,Green
44697.58889,402.865,403.04,402.399,402.57,402.1942,White
44697.59028,402.58,402.89,402.48,402.89,402.2583,White
44697.59167,402.89,402.89,402.2,402.23,402.2643,Red
44697.59306,402.23,402.53,402.18,402.41,402.2802,White
44697.59444,402.4,402.52,402.24,402.31,402.2864,White
44697.59583,402.31,402.82,402.15,402.43,402.2997,White
44697.59722,402.43,402.65,402.271,402.48,402.3153,White
44697.59861,402.48,402.66,402.35,402.54,402.3346,White
44697.6,402.54,402.95,402.4301,402.78,402.3723,Green
44697.60139,402.78,403.18,402.77,402.87,402.4155,White
44697.60278,402.87,403.29,402.65,403.24,402.4861,Green
44697.60417,403.27,403.63,403.27,403.5532,402.5779,Green
44697.60556,403.56,403.75,403.5,403.6,402.6694,White
44697.60694,403.6,403.97,403.47,403.77,402.7702,Green
44697.60833,403.77,403.81,403.32,403.51,402.8464,White
44697.60972,403.515,403.59,403.13,403.37,402.9074,White
44697.61111,403.38,403.54,403.32,403.495,402.9742,White
44697.6125,403.5,403.74,403.28,403.45,403.0326,White
44697.61389,403.45,403.81,403.36,403.5775,403.0971,White
44697.61528,403.58,403.58,402.87,403.025,403.1139,Red
44697.61667,403.025,403.39,402.855,403.09,403.133,White
44697.61806,403.09,403.24,402.57,402.65,403.1147,Red
44697.61944,402.65,402.81,402.38,402.6,403.0906,White
44697.62083,402.62,403.04,402.32,402.84,403.0829,Green
44697.62222,402.84,403.115,402.59,403.0299,403.0878,White
44697.62361,403.01,403.19,402.88,402.95,403.0861,White
44697.625,402.92,403.09,402.71,402.9999,403.087,White
44697.62639,402.9999,403.125,402.87,403.0988,403.0952,Green
44697.62778,403.0988,403.15,402.57,402.85,403.0816,Red
44697.62917,402.85,403.11,402.6,403.0667,403.0833,White
44697.63056,403.0667,403.08,402.72,403,403.0776,White
44697.63194,403,403.37,402.52,402.5481,403.0353,Red
44697.63333,402.5481,402.5481,401.82,402.21,402.9669,Red
44697.63472,402.21,402.23,401.5,401.6199,402.854,Red
44697.63611,401.6199,401.64,401.33,401.5936,402.7427,White
44697.6375,401.5936,401.8505,400.97,401.04,402.5927,Red
44697.63889,401.055,401.42,400.96,401.35,402.4734,White
44697.64028,401.34,401.34,400.95,401.0823,402.3402,White
44697.64167,401.08,401.2,400.65,400.7,402.1854,Red
44697.64306,400.7,401.26,400.625,401.2,402.0785,White
44697.64444,401.19,401.23,400.8,401.0599,401.9679,White
44697.64583,401.05,401.14,400.9099,401.0099,401.8606,White
44697.64722,401.01,401.06,400.61,400.84,401.7479,Red
44697.64861,400.84,401.33,400.58,400.61,401.6255,White
44697.65,400.61,400.63,399.97,400.19,401.4799,Red
44697.65139,400.19,400.74,400.095,400.53,401.3692,White
44697.65278,400.53,400.645,400.15,400.46,401.261,White
44697.65417,400.46,400.71,400.12,400.1901,401.1387,White
44697.65556,400.21,400.35,399.95,400.17,401.0223,White
44697.65694,400.18,400.18,399.84,399.9089,400.8941,Red
44697.65833,399.91,399.96,399.62,399.63,400.754,Red
44697.65972,399.63,400.07,399.53,399.92,400.6465,White
44697.66111,399.92,400.94,399.92,400.67,400.6061,Green
44697.6625,400.67,400.9,400.36,400.55,400.5639,White
44697.66389,400.55,400.55,399.94,400.025,400.4885,Red
44697.66528,400.025,400.025,399.32,399.62,400.3912,Red
44697.66667,399.63,400.34,399.47,400.22,400.3505,Green
44698.39722,406.5101,406.6301,405.6401,405.8101,400.747,Green
44698.39861,405.7901,406.1801,405.5301,406.0901,401.1539,White
44698.4,406.0901,406.14,405.3401,405.3501,401.4901,Red
44698.40139,405.3501,405.9701,405.2101,405.6201,401.8356,White
44698.40278,405.6201,405.9001,405.33,405.5901,402.1647,White
44698.40417,405.6,405.97,405.28,405.58,402.4799,White
44698.40556,405.58,406.27,405.52,406.15,402.8252,Green
44698.40694,406.14,406.2,405.42,405.69,403.1183,White
44698.40833,405.68,405.8113,404.99,405.06,403.3491,Red
44698.40972,405.06,405.4901,404.87,404.8799,403.5537,Red
44698.41111,404.87,405.61,404.834,405.34,403.7819,White
44698.4125,405.34,405.34,404.8,405.06,403.9746,White
44698.41389,405.06,405.11,404.4,404.81,404.1345,White
44698.41528,404.81,405.27,404.68,405.11,404.3032,White
44698.41667,405.11,405.27,404.8,405.195,404.4643,White
44698.41806,405.18,405.84,405.17,405.585,404.6409,Green
44698.41944,405.58,405.96,405.48,405.56,404.799,White
44698.42083,405.56,406.15,405.545,405.81,404.9596,White
44698.42222,405.81,405.86,404.91,405.3089,405.0636,Red
44698.42361,405.3089,405.34,404.79,404.89,405.1179,Red
44698.425,404.89,404.97,404.5901,404.7,405.1423,Red
44698.42639,404.7,405.05,404.6501,404.9001,405.1697,White
44698.42778,404.9,405.35,404.9,405.07,405.1967,Green
44698.42917,405.05,405.57,405.01,405.53,405.2437,Green
44698.43056,405.53,405.7217,405.39,405.65,405.2816,Green
44698.43194,405.66,405.82,405.3,405.4808,405.2899,White
44698.43333,405.48,405.63,405.04,405.16,405.2745,Red
44698.43472,405.16,405.62,405.06,405.2114,405.2659,White
44698.43611,405.2114,405.2114,404.72,404.94,405.2368,Red
44698.4375,404.93,404.97,404.12,404.2299,405.1553,Red
44698.43889,404.22,404.72,404.05,404.33,405.0856,White
44698.44028,404.33,404.61,404.18,404.44,405.0282,White
44698.44167,404.4201,404.59,404.1,404.12,404.9514,Red
44698.44306,404.11,404.26,403.701,404.04,404.8734,Red
44698.44444,404.0401,404.1301,403.5901,403.7201,404.7738,White
44698.44583,403.7201,403.7501,403.3801,403.4501,404.6571,Red
44698.44722,403.45,403.56,403.11,403.1801,404.5254,Red
44698.44861,403.17,403.3,402.64,402.69,404.3618,Red
44698.45,402.7,403.37,402.5824,403.1927,404.2434,White
44698.45139,403.19,403.27,402.96,403.21,404.1322,White
44698.45278,403.19,403.2201,402.79,403.1401,404.0217,White
44698.45417,403.15,403.44,403.06,403.16,403.9203,White
44698.45556,403.16,403.54,403.03,403.52,403.854,Green
44698.45694,403.5207,403.64,403.33,403.41,403.7863,White
44698.45833,403.42,403.84,403.28,403.79,403.7536,Green
44698.45972,403.81,404.1,403.65,404.08,403.7466,Green
44698.46111,404.09,404.11,403.9,403.99,403.7347,White
44698.4625,403.99,404.41,403.99,404.4072,403.7576,Green
44698.46389,404.4072,404.48,404.01,404.35,403.7781,White
44698.46528,404.35,404.3954,404.06,404.245,403.7942,White
44698.46667,404.26,404.37,404.04,404.15,403.8073,White
44698.46806,404.15,404.47,404.14,404.21,403.8292,White
44698.46944,404.23,404.4,403.88,403.93,403.8324,Red
44698.47083,403.93,404.09,403.73,403.93,403.8395,White
44698.47222,403.93,404.6674,403.93,404.465,403.891,Green
44698.47361,404.465,404.61,404.35,404.61,403.9528,White
44698.475,404.61,404.8594,404.34,404.81,404.0292,Green
44698.47639,404.81,404.85,404.62,404.75,404.0998,White
44698.47778,404.75,404.8993,404.59,404.7901,404.1715,White
44698.47917,404.7901,405.36,404.79,405.19,404.2718,Green
44698.48056,405.2,405.54,405.2,405.515,404.3925,Green
44698.48194,405.515,405.84,405.37,405.7,404.521,Green
44698.48333,405.7,406,405.6701,405.82,404.6511,White
44698.48472,405.82,405.9,405.7,405.89,404.7769,White
44698.48611,405.8899,406.03,405.56,405.66,404.8767,Red
44698.4875,405.67,406.01,405.58,405.93,404.9897,White
44698.48889,405.92,405.92,405.3706,405.465,405.0584,Red
44698.49028,405.465,405.575,405.2407,405.2703,405.105,Red
44698.49167,405.2703,405.5,405.0107,405.1,405.1331,Red
44698.49306,405.1,405.48,405.02,405.1623,405.1609,White
44698.49444,405.1623,405.63,405.16,405.56,405.215,Green
44698.49583,405.58,405.72,405.3799,405.65,405.2714,Green
44698.49722,405.67,405.8,405.34,405.5,405.3112,White
44698.49861,405.5,405.51,405.25,405.37,405.3377,White
44698.5,405.4,405.55,405.35,405.4599,405.3679,White
44698.50139,405.45,405.5696,405.31,405.41,405.3906,White
44698.50278,405.41,405.58,405.14,405.41,405.4093,White
44698.50417,405.41,405.63,405.07,405.08,405.399,Red
44698.50556,405.07,405.3161,404.621,404.751,405.3599,Red
44698.50694,404.77,405.27,404.72,405.06,405.342,White
44698.50833,405.06,405.06,404.59,404.91,405.3107,White
44698.50972,404.91,405.18,404.89,405.18,405.2993,Green
44698.51111,405.18,405.36,404.99,405.29,405.2952,Green
44698.5125,405.3,405.75,405.3,405.7,405.321,Green
44698.51389,405.71,405.8,405.43,405.4745,405.3266,White
44698.51528,405.4745,405.62,405.29,405.33,405.3202,Red
44698.51667,405.33,405.62,405.3199,405.5399,405.3306,White
44698.51806,405.56,405.9,405.46,405.74,405.3568,Green
44698.51944,405.74,406,405.74,405.85,405.3918,White
44698.52083,405.85,406.18,405.831,405.85,405.4268,White
44698.52222,405.85,405.93,405.635,405.86,405.4621,White
44698.52361,405.86,406,405.71,405.96,405.5052,Green
44698.525,405.97,406.24,405.94,406.21,405.5661,Green
44698.52639,406.21,406.34,406.08,406.26,405.6279,Green
44698.52778,406.26,406.29,406.01,406.11,405.6747,White
44698.52917,406.11,406.21,405.94,406.205,405.7257,White
44698.53056,406.21,406.47,406.2,406.43,405.7922,Green
44698.53194,406.43,406.56,406.285,406.49,405.8608,Green
44698.53333,406.5099,406.92,406.46,406.52,405.9287,White
44698.53472,406.52,406.73,406.36,406.5228,405.9933,White
44698.53611,406.5228,406.6,406.23,406.36,406.0421,White
44698.5375,406.36,406.5,406.15,406.3,406.0834,White
44698.53889,406.299,406.34,406.13,406.2616,406.1189,White
44698.54028,406.26,406.27,406.0265,406.14,406.1415,White
44698.54167,406.14,406.32,406.14,406.2354,406.1671,White
44698.54306,406.24,406.25,405.69,405.69,406.1472,Red
44698.54444,405.69,405.84,405.46,405.815,406.1345,White
44698.54583,405.82,406.38,405.8,406.305,406.1575,Green
44698.54722,406.305,406.48,406.2503,406.29,406.1762,White
44698.54861,406.29,406.63,406.29,406.41,406.2024,White
44698.55,406.44,406.6409,406.32,406.56,406.2372,White
44698.55139,406.5827,406.85,406.47,406.82,406.2882,Green
44698.55278,406.82,407.03,406.72,406.9,406.3415,Green
44698.55417,406.9,407.15,406.89,407.12,406.4081,Green
44698.55556,407.12,407.14,406.94,406.96,406.4585,White
44698.55694,406.955,407.1,406.94,407.01,406.5093,White
44698.55833,407.01,407.02,406.52,406.685,406.5316,Red
44698.55972,406.69,406.72,406.43,406.55,406.5412,White
44698.56111,406.55,406.88,406.54,406.66,406.5583,White
44698.5625,406.665,406.68,406.39,406.46,406.5587,Red
44698.56389,406.463,406.79,406.42,406.6,406.5689,White
44698.56528,406.61,406.81,406.5,406.78,406.5917,White
44698.56667,406.78,406.87,406.46,406.67,406.6049,White
44698.56806,406.66,406.79,406.5701,406.79,406.6269,White
44698.56944,406.79,406.937,406.69,406.775,406.6468,White
44698.57083,406.77,406.83,406.52,406.525,406.6467,Red
44698.57222,406.53,406.87,406.41,406.73,406.6619,White
44698.57361,406.73,406.8047,406.42,406.46,406.655,White
44698.575,406.46,406.69,406.291,406.6064,406.6588,White
44698.57639,406.61,406.78,406.5,406.76,406.6729,Green
44698.57778,406.7799,406.819,406.62,406.73,406.6831,White
44698.57917,406.73,406.79,406.67,406.79,406.6948,White
44698.58056,406.79,406.845,406.51,406.61,406.6895,Red
44698.58194,406.61,406.82,406.54,406.71,406.6911,White
44698.58333,406.725,406.76,406.16,406.31,406.6606,Red
44698.58472,406.3,406.59,406.21,406.27,406.6273,White
44698.58611,406.27,406.33,405.65,406.1199,406.5833,Red
44698.5875,406.11,406.63,405.96,406.4651,406.5681,Green
44698.58889,406.48,406.53,406,406.36,406.5461,White
44698.59028,406.37,407.5,406.37,407.26,406.5956,Green
44698.59167,407.28,407.3,406.12,406.27,406.5681,Red
44698.59306,406.27,406.52,404.73,405.42,406.4776,Red
44698.59444,405.42,405.8394,404.84,405.28,406.3801,White
44698.59583,405.28,405.88,405.12,405.49,406.3026,White
44698.59722,405.47,405.72,404.96,405.27,406.2119,White
44698.59861,405.25,405.26,403.88,403.92,406.021,Red
44698.6,403.92,404.31,403.5,404.2411,405.863,White
44698.60139,404.2411,404.78,404.07,404.47,405.7304,Green
44698.60278,404.47,405.44,404.34,405.17,405.6585,Green
44698.60417,405.19,405.38,404.7,404.74,405.5585,White
44698.60556,404.74,405.3,404.46,404.93,405.4793,White
44698.60694,404.93,405.09,404.25,404.45,405.3681,Red
44698.60833,404.45,404.59,403.75,404.26,405.2494,White
44698.60972,404.26,405.22,404.23,405.05,405.1981,Green
44698.61111,405.04,405.58,404.7,405.545,405.1897,Green
44698.6125,405.545,406.4,405.47,405.9,405.2124,Green
44698.61389,405.89,406.3,405.87,406.21,405.2615,White
44698.61528,406.21,406.55,406.05,406.42,405.3285,Green
44698.61667,406.41,407.0336,406.19,406.9127,405.434,Green
44698.61806,406.9127,407.754,406.82,407.54,405.5871,Green
44698.61944,407.54,407.71,407.05,407.17,405.708,White
44698.62083,407.19,407.67,407.15,407.34,405.8392,White
44698.62222,407.34,407.36,406.75,406.93,405.9351,Red
44698.62361,406.93,407.49,406.77,407.4,406.0657,Green
44698.625,407.4099,407.4199,407.04,407.07,406.1677,White
44698.62639,407.1,407.58,406.98,407.54,406.3065,Green
44698.62778,407.55,408.06,407.44,407.7607,406.4583,Green
44698.62917,407.775,407.99,407.46,407.7,406.5983,White
44698.63056,407.71,408.57,407.71,408.01,406.7547,Green
44698.63194,408.01,408.33,407.59,407.91,406.8956,White
44698.63333,407.89,407.8933,407.394,407.6399,407.0076,White
44698.63472,407.63,407.89,407.52,407.695,407.1125,White
44698.63611,407.69,408.06,407.55,407.91,407.2232,Green
44698.6375,407.91,407.94,407.53,407.7476,407.3108,White
44698.63889,407.74,408.18,407.71,408.08,407.4161,Green
44698.64028,408.08,408.3601,407.95,408.3601,407.5327,Green
44698.64167,408.3685,408.37,407.71,407.9,407.6033,Red
44698.64306,407.8851,408.28,407.83,408.16,407.6833,White
44698.64444,408.1599,408.2299,407.8799,408.0699,407.7444,White
44698.64583,408.0699,408.1599,407.8699,408.11,407.7992,White
44698.64722,408.0999,408.3799,407.83,408.2,407.8531,Green
44698.64861,408.2,408.2,407.62,408.0399,407.8876,White
44698.65,408.0399,408.21,407.7799,408.1599,407.9257,White
44698.65139,408.17,408.17,407.86,407.9099,407.9392,White
44698.65278,407.91,407.92,407.52,407.59,407.9251,Red
44698.65417,407.59,407.86,407.26,407.82,407.9284,White
44698.65556,407.82,408.104,407.66,407.9902,407.9429,Green
44698.65694,407.9902,408.04,407.15,407.22,407.8961,Red
44698.65833,407.22,407.65,406.84,406.89,407.8231,Red
44698.65972,406.89,407.23,406.79,407.04,407.7631,White
44698.66111,407.01,407.74,407,407.54,407.7417,Green
44698.6625,407.54,407.54,407.15,407.46,407.7142,White
44698.66389,407.46,407.8,407.2201,407.46,407.6876,White
44698.66528,407.46,407.9,407.39,407.73,407.6824,White
44698.66667,407.73,408.33,407.59,408.26,407.719,Green
44699.39722,403.52,403.699,403.19,403.34,407.3759,Red
44699.39861,403.32,403.62,403.02,403.53,407.0608,White
44699.4,403.54,403.54,402.79,403.4614,406.7531,White
44699.40139,403.46,403.8,403.32,403.5699,406.4675,Green
44699.40278,403.56,403.68,402.26,402.52,406.114,Red
44699.40417,402.52,402.58,401.87,401.9345,405.7326,Red
44699.40556,401.93,402.055,401.621,402,405.3759,White
44699.40694,402,402.36,401.83,402.32,405.0621,Green
44699.40833,402.31,402.5,401.97,402.41,404.7731,Green
44699.40972,402.41,402.53,401.9,402.17,404.4831,White
44699.41111,402.18,402.26,401.5,401.92,404.1921,White
44699.4125,401.92,402.35,401.78,402.0807,403.9328,White
44699.41389,402.0901,402.1501,401.58,401.7301,403.6649,Red
44699.41528,401.7401,401.7401,400.89,401.0201,403.3622,Red
44699.41667,401.0301,401.1601,400.8701,401.1601,403.0914,White
44699.41806,401.16,401.82,401.03,401.58,402.8727,Green
44699.41944,401.58,401.83,401.46,401.69,402.6816,White
44699.42083,401.71,402.08,401.45,402.0228,402.5356,Green
44699.42222,402.04,402.12,401.6,401.68,402.3792,White
44699.42361,401.68,401.68,401.029,401.08,402.1926,Red
44699.425,401.08,401.39,400.9,401.17,402.0313,White
44699.42639,401.17,401.459,400.88,401.37,401.905,White
44699.42778,401.36,401.99,401.33,401.9255,401.8402,Green
44699.42917,401.9255,401.98,401.35,401.5622,401.7644,White
44699.43056,401.5622,401.87,401.24,401.43,401.6975,White
44699.43194,401.43,401.93,401.29,401.52,401.6585,White
44699.43333,401.52,401.82,401.1,401.16,401.5974,Red
44699.43472,401.16,401.4795,400.9,401.27,401.552,White
44699.43611,401.27,401.75,401.23,401.45,401.5273,White
44699.4375,401.45,401.52,400.44,400.45,401.4321,Red
44699.43889,400.45,400.77,400.19,400.4999,401.3472,White
44699.44028,400.49,400.67,400.205,400.51,401.2674,White
44699.44167,400.51,400.5499,400.06,400.12,401.1622,Red
44699.44306,400.12,400.31,400.01,400.02,401.0561,Red
44699.44444,400.02,400.44,399.93,400.43,400.9889,Green
44699.44583,400.43,400.62,400.04,400.5898,400.9394,Green
44699.44722,400.5898,400.595,400.33,400.44,400.8824,White
44699.44861,400.44,400.58,400.0829,400.28,400.8181,Red
44699.45,400.29,400.88,400.25,400.6214,400.7846,Green
44699.45139,400.63,401.14,400.615,400.77,400.7637,White
44699.45278,400.78,400.79,400.3212,400.49,400.7225,Red
44699.45417,400.49,400.56,400.18,400.37,400.6754,White
44699.45556,400.37,400.56,400.1849,400.19,400.6186,White
44699.45694,400.19,400.67,400.12,400.6399,400.602,Green
44699.45833,400.6399,400.78,400.46,400.77,400.5985,Green
44699.45972,400.76,400.76,400.14,400.18,400.5507,Red
44699.46111,400.15,400.41,399.86,399.99,400.4913,Red
44699.4625,399.99,400.1,399.76,399.94,400.4323,White
44699.46389,399.935,400.06,399.28,399.66,400.3578,Red
44699.46528,399.66,399.66,399.33,399.35,400.2654,White
44699.46667,399.35,399.35,398.84,399.025,400.1544,Red
44699.46806,399.03,399.04,398.93,399,400.0491,White
44699.46944,399,399.04,398.64,398.975,399.9485,White
44699.47083,398.98,399,398.2401,398.28,399.8016,Red
44699.47222,398.27,398.31,398.05,398.28,399.6644,White
44699.47361,398.28,398.29,397.83,397.84,399.5,Red
44699.475,397.84,397.9,397.5,397.63,399.3277,Red
44699.47639,397.63,397.83,397.29,397.69,399.1688,White
44699.47778,397.7,397.74,397.37,397.47,399.0005,White
44699.47917,397.48,397.48,396.09,397.0341,398.8065,Red
44699.48056,397.0341,397.3159,396.53,397.2,398.6357,White
44699.48194,397.2,397.37,397.01,397.2,398.4754,White
44699.48333,397.19,397.59,396.99,397.3938,398.3399,Green
44699.48472,397.3938,397.84,397.27,397.82,398.2461,Green
44699.48611,397.82,397.87,397.43,397.44,398.1317,White
44699.4875,397.44,397.97,397.36,397.8722,398.0607,Green
44699.48889,397.88,398.21,397.7401,397.765,397.9896,White
44699.49028,397.765,398.14,397.56,397.565,397.9111,Red
44699.49167,397.56,397.79,397.29,397.34,397.8234,Red
44699.49306,397.34,397.55,397.16,397.5201,397.7597,White
44699.49444,397.52,397.79,397.23,397.4,397.6967,White
44699.49583,397.39,397.43,396.77,396.81,397.5969,Red
44699.49722,396.82,396.9036,396.29,396.68,397.4969,Red
44699.49861,396.68,396.92,396.54,396.75,397.4123,White
44699.5,396.76,396.85,396.45,396.5,397.3175,Red
44699.50139,396.51,396.77,396.23,396.638,397.242,White
44699.50278,396.638,396.685,396.23,396.46,397.1602,White
44699.50417,396.46,396.65,396.046,396.06,397.0554,Red
44699.50556,396.06,396.18,395.83,395.93,396.9496,Red
44699.50694,395.93,395.98,395.69,395.96,396.8533,White
44699.50833,395.96,396.14,395.58,396.06,396.7719,Green
44699.50972,396.04,396.18,395.83,396.04,396.6944,White
44699.51111,396.04,396.48,396,396.32,396.6433,Green
44699.5125,396.31,396.7899,396.2756,396.6405,396.6211,Green
44699.51389,396.6405,396.66,396.25,396.31,396.576,White
44699.51528,396.32,396.47,395.76,395.77,396.4916,Red
44699.51667,395.77,396,395.22,395.37,396.3809,Red
44699.51806,395.3844,395.64,395.26,395.47,396.2834,White
44699.51944,395.47,395.59,395.29,395.56,396.1989,White
44699.52083,395.56,395.88,395.41,395.64,396.1274,Green
44699.52222,395.64,395.86,395.34,395.7698,396.0714,White
44699.52361,395.775,395.92,395.69,395.7789,396.0226,White
44699.525,395.77,396.26,395.7107,396.26,396.017,Green
44699.52639,396.26,396.44,396.11,396.17,396.0084,White
44699.52778,396.18,396.33,395.78,396.305,396.0138,White
44699.52917,396.305,396.31,395.95,396.02,396.001,White
44699.53056,395.97,396.23,395.73,395.95,395.9871,White
44699.53194,395.97,395.9783,395.61,395.81,395.9651,White
44699.53333,395.81,396.585,395.8,396.585,396.0053,Green
44699.53472,396.585,396.62,396.2,396.62,396.0488,Green
44699.53611,396.61,396.91,396.53,396.775,396.1038,Green
44699.5375,396.76,397.06,396.74,396.75,396.1565,White
44699.53889,396.76,396.99,396.72,396.8759,396.2179,White
44699.54028,396.8759,396.8759,396.57,396.78,396.2695,White
44699.54167,396.81,397.16,396.8,397.05,396.3392,Green
44699.54306,397.05,397.05,396.33,396.34,396.351,Red
44699.54444,396.34,396.5,396.18,396.25,396.3549,Red
44699.54583,396.25,396.29,395.71,395.78,396.3221,Red
44699.54722,395.79,395.96,395.285,395.33,396.2563,Red
44699.54861,395.33,395.35,394.815,394.92,396.163,Red
44699.55,394.92,395.08,394.69,394.735,396.0598,Red
44699.55139,394.73,394.81,394.44,394.59,395.9486,Red
44699.55278,394.59,394.7,394.36,394.6,395.8405,White
44699.55417,394.6,394.65,394.18,394.31,395.7128,Red
44699.55556,394.31,394.5,393.95,394.05,395.569,Red
44699.55694,394.05,394.7,394.05,394.57,395.4701,Green
44699.55833,394.57,394.73,394.35,394.375,395.3598,White
44699.55972,394.38,394.4,394.15,394.18,395.2389,Red
44699.56111,394.18,394.24,393.941,394.18,395.1244,White
44699.5625,394.17,394.51,394.17,394.3699,395.0306,Green
44699.56389,394.36,394.62,394.045,394.57,394.9581,Green
44699.56528,394.5641,394.6217,394.18,394.24,394.8648,White
44699.56667,394.24,394.94,394.23,394.63,394.8067,Green
44699.56806,394.63,394.7,394.42,394.48,394.7406,White
44699.56944,394.48,394.81,394.42,394.78,394.7042,Green
44699.57083,394.77,394.7873,394.05,394.07,394.6188,Red
44699.57222,394.08,394.24,393.65,393.69,394.5125,Red
44699.57361,393.69,393.815,393.48,393.61,394.4094,Red
44699.575,393.61,393.68,393.13,393.19,394.2841,Red
44699.57639,393.19,393.35,393,393.02,394.1567,Red
44699.57778,393.02,393.24,392.82,392.91,394.0333,Red
44699.57917,392.91,392.99,392.6001,392.63,393.8989,Red
44699.58056,392.63,392.9701,392.46,392.525,393.7675,Red
44699.58194,392.53,392.99,392.5,392.9683,393.6803,White
44699.58333,392.9665,393.1,392.72,393.01,393.6036,Green
44699.58472,393.01,393.32,392.91,392.99,393.5312,White
44699.58611,392.99,393.21,392.6,392.8299,393.4518,Red
44699.5875,392.8299,393.28,392.8,393.16,393.4033,White
44699.58889,393.16,393.16,392.73,392.84,393.3345,White
44699.59028,392.84,393.22,392.6,393.18,393.2965,Green
44699.59167,393.18,393.48,392.84,393,393.2473,White
44699.59306,393,393.09,392.65,392.81,393.1882,Red
44699.59444,392.81,392.91,392.33,392.52,393.1118,Red
44699.59583,392.5482,393.47,392.46,393.24,393.0957,Green
44699.59722,393.24,393.6,393.1701,393.32,393.0888,White
44699.59861,393.32,393.57,392.902,393.44,393.0943,White
44699.6,393.44,393.73,393.14,393.455,393.1044,White
44699.60139,393.46,393.595,393.1,393.545,393.1239,White
44699.60278,393.55,393.79,393.35,393.71,393.1594,Green
44699.60417,393.72,393.82,393.53,393.72,393.198,White
44699.60556,393.72,393.89,392.91,393.04,393.1876,Red
44699.60694,393.05,393.22,392.7,392.7201,393.1557,Red
44699.60833,392.7201,392.81,392.36,392.36,393.0992,Red
44699.60972,392.36,392.4,391.87,392.043,393.0221,Red
44699.61111,392.0199,392.53,391.99,392.3,392.9683,White
44699.6125,392.29,392.78,392.24,392.34,392.9197,White
44699.61389,392.34,392.46,392.17,392.19,392.8615,Red
44699.61528,392.19,392.37,392,392.15,392.8014,Red
44699.61667,392.1399,392.3,391.84,391.85,392.7195,Red
44699.61806,391.85,392.84,391.47,392.491,392.6903,Green
44699.61944,392.491,392.82,392.31,392.46,392.6603,White
44699.62083,392.4499,392.47,392.06,392.26,392.6166,Red
44699.62222,392.26,392.5,391.85,392.34,392.5807,White
44699.62361,392.34,392.35,391.94,392.06,392.5259,White
44699.625,392.06,392.14,391.43,391.6851,392.4446,Red
44699.62639,391.69,392.33,391.615,392.02,392.3937,White
44699.62778,392.02,392.18,391.8,391.82,392.3304,White
44699.62917,391.82,392.26,391.73,392.13,392.294,White
44699.63056,392.13,392.6839,391.87,392.51,392.2881,Green
44699.63194,392.51,392.53,391.86,391.9,392.2374,White
44699.63333,391.9,392.46,391.83,392.41,392.2303,White
44699.63472,392.34,392.35,391.74,391.8315,392.182,White
44699.63611,391.8315,392.17,391.6501,391.97,392.1493,White
44699.6375,391.96,392.32,391.9,391.9,392.116,White
44699.63889,391.9,392.03,391.73,391.94,392.0914,White
44699.64028,391.94,392.34,391.8007,391.9299,392.0715,White
44699.64167,391.9,391.9,391.17,391.19,391.998,Red
44699.64306,391.19,391.2,390.91,390.9299,391.9093,Red
44699.64444,390.9299,391.09,390.72,390.91,391.8235,White
44699.64583,390.89,391.1,390.7,390.85,391.7365,White
44699.64722,390.86,391.26,390.72,391,391.6655,White
44699.64861,391,391.04,390.71,390.94,391.5941,White
44699.65,390.945,391.09,390.73,391.07,391.5364,Green
44699.65139,391.07,392.3,391.03,392.29,391.576,Green
44699.65278,392.29,392.74,391.88,392.34,391.618,Green
44699.65417,392.34,392.67,392.08,392.34,391.6605,White
44699.65556,392.34,392.46,391.23,391.41,391.6318,Red
44699.65694,391.41,391.84,391.3,391.37,391.6027,White
44699.65833,391.37,391.59,391.06,391.46,391.5835,White
44699.65972,391.46,391.56,390.83,391.08,391.5369,White
44699.66111,391.09,392.0364,390.8,391.315,391.5102,White
44699.6625,391.32,391.51,390.95,391.01,391.4623,White
44699.66389,391.02,391.53,390.55,391.46,391.4514,White
44699.66528,391.435,391.75,390.91,391.46,391.4426,White
44699.66667,391.47,392.2,391.29,391.89,391.4702,Green
44700.39722,388.62,389.7,388.47,389.69,391.3285,Red
44700.39861,389.69,390.61,389.45,390.45,391.2536,Green
44700.4,390.44,390.62,389.93,390.47,391.1846,White
44700.40139,390.47,391.79,390.45,391.64,391.2101,Green
44700.40278,391.67,391.79,390.44,390.87,391.1772,White
44700.40417,390.88,391.2169,390.33,390.71,391.1353,White
44700.40556,390.71,390.88,389.36,389.55,391.008,Red
44700.40694,389.5354,389.7737,388.68,388.705,390.8206,Red
44700.40833,388.705,388.89,387.62,387.78,390.569,Red
44700.40972,387.78,388.03,387.32,387.5187,390.3069,Red
44700.41111,387.5399,387.86,387.11,387.66,390.0659,White
44700.4125,387.7,387.89,387.18,387.43,389.8176,White
44700.41389,387.43,388.9,387.35,388.89,389.6923,Green
44700.41528,388.89,389.65,388.87,389.025,389.5841,Green
44700.41667,389.025,389.025,388,388.64,389.4563,Red
44700.41806,388.63,390.26,388.25,390.26,389.4645,Green
44700.41944,390.26,391.09,390.1,390.9,389.5284,Green
44700.42083,390.89,391.05,390.03,390.49,389.5623,White
44700.42222,390.49,390.5,389.81,389.96,389.5581,Red
44700.42361,389.96,390.305,389.03,389.56,389.5278,Red
44700.425,389.53,390.79,389.37,390.7301,389.5922,Green
44700.42639,390.73,390.84,389.75,389.82,389.5883,White
44700.42778,389.8,390.35,389.56,389.9948,389.6016,White
44700.42917,390,391.05,389.835,390.81,389.6821,Green
44700.43056,390.81,391.04,390.36,390.475,389.7388,White
44700.43194,390.45,391.92,390.32,391.64,389.8895,Green
44700.43333,391.65,391.69,390.9,391.33,390.0103,White
44700.43472,391.34,391.49,390.63,390.775,390.0858,Red
44700.43611,390.775,390.95,389.3,389.745,390.081,Red
44700.4375,389.745,390.03,389.11,389.6,390.071,White
44700.43889,389.6,389.9,388.71,389.36,390.0464,White
44700.44028,389.36,390.5,389.16,390.08,390.0813,Green
44700.44167,390.0771,390.72,389.925,390.295,390.1311,White
44700.44306,390.295,390.42,389.56,389.63,390.1249,Red
44700.44444,389.6501,389.66,388.55,389.1138,390.0733,Red
44700.44583,389.1,389.105,388.33,388.52,389.9711,Red
44700.44722,388.52,389.28,388.2,388.32,389.8509,Red
44700.44861,388.32,389.12,388.26,388.98,389.7787,White
44700.45,388.98,389.284,388.57,388.73,389.687,White
44700.45139,388.725,389.0332,388.05,388.415,389.5719,Red
44700.45278,388.415,388.82,387.86,387.94,389.4211,Red
44700.45417,387.94,389.27,387.9,388.99,389.3581,Green
44700.45556,388.99,390.2299,388.825,390.0253,389.3806,Green
44700.45694,390.02,390.03,388.93,389.2399,389.3442,White
44700.45833,389.2399,389.52,388.82,389.32,389.3162,White
44700.45972,389.32,390.06,389.15,389.86,389.3304,Green
44700.46111,389.86,389.98,389.45,389.9,389.3503,White
44700.4625,389.9,389.99,388.48,388.58,389.2685,Red
44700.46389,388.55,388.85,388.285,388.8441,389.2114,White
44700.46528,388.8441,389.36,388.48,389.32,389.1969,Green
44700.46667,389.3,390.24,389.21,390.2,389.2537,Green
44700.46806,390.2,390.28,389.38,389.57,389.2664,White
44700.46944,389.5605,389.67,388.9,389.17,389.2538,Red
44700.47083,389.16,389.35,388.51,389.19,389.2476,White
44700.47222,389.22,389.7,389.03,389.52,389.2686,Green
44700.47361,389.51,389.72,388.93,389.71,389.3044,Green
44700.475,389.71,390.03,389.44,389.92,389.3553,Green
44700.47639,389.92,390.41,389.665,390.06,389.4174,Green
44700.47778,390.07,390.0986,389.18,389.455,389.4337,Red
44700.47917,389.455,389.7,389.13,389.5601,389.4587,White
44700.48056,389.5601,390.56,389.5601,390.37,389.5446,Green
44700.48194,390.37,390.72,389.99,390.66,389.6471,Green
44700.48333,390.68,391.1986,390.54,391.16,389.7808,Green
44700.48472,391.16,392.07,391.04,392.0599,389.9771,Green
44700.48611,392.0599,392.3144,391.64,392.13,390.1685,Green
44700.4875,392.13,393.25,392.11,393.0662,390.4205,Green
44700.48889,393.0662,393.34,392.9,393.29,390.674,Green
44700.49028,393.27,393.2894,392.53,392.69,390.868,Red
44700.49167,392.69,392.95,392.59,392.92,391.0716,White
44700.49306,392.92,393.34,392.74,393.02,391.2715,Green
44700.49444,393.02,393.17,392.62,392.79,391.4423,White
44700.49583,392.79,392.86,392.27,392.27,391.5641,Red
44700.49722,392.26,392.42,391.5,391.77,391.6402,Red
44700.49861,391.77,391.77,391.29,391.48,391.6842,Red
44700.5,391.48,392.04,391.44,391.895,391.752,Green
44700.50139,391.895,392.08,391.51,391.71,391.7976,White
44700.50278,391.74,392.21,391.52,392.09,391.8678,Green
44700.50417,392.09,392.24,391.72,391.74,391.9033,White
44700.50556,391.74,392.48,391.725,392.295,391.9736,Green
44700.50694,392.3,392.435,392.05,392.27,392.0324,White
44700.50833,392.27,392.79,392.25,392.75,392.1197,Green
44700.50972,392.77,392.775,392.34,392.6,392.1861,White
44700.51111,392.62,392.89,392.311,392.78,392.2581,Green
44700.5125,392.78,393,392.6,392.64,392.3109,White
44700.51389,392.66,392.72,391.7,391.93,392.2994,Red
44700.51528,391.93,391.95,390.77,391.2539,392.2285,Red
44700.51667,391.27,391.7,391.19,391.38,392.1646,White
44700.51806,391.37,391.58,391.15,391.4,392.1001,White
44700.51944,391.4,391.46,390.92,391.31,392.0279,White
44700.52083,391.26,391.85,391.0466,391.7,391.988,Green
44700.52222,391.71,391.92,391.23,391.42,391.9279,White
44700.52361,391.42,391.49,390.97,391.15,391.852,Red
44700.525,391.15,391.4,390.51,390.5968,391.7402,Red
44700.52639,390.5968,390.83,390.28,390.4,391.6198,Red
44700.52778,390.43,390.49,390,390.07,391.4816,Red
44700.52917,390.06,390.22,389.26,389.4951,391.3083,Red
44700.53056,389.4951,389.9175,389.42,389.51,391.1464,White
44700.53194,389.51,389.56,389.07,389.07,390.959,Red
44700.53333,389.07,389.22,388.87,389.1819,390.7886,White
44700.53472,389.1819,389.39,388.82,389.1099,390.6197,White
44700.53611,389.09,389.55,389.07,389.42,390.4832,Green
44700.5375,389.42,389.69,389.3115,389.45,390.3561,White
44700.53889,389.44,389.71,388.8589,389.4228,390.235,White
44700.54028,389.42,390.0499,389.21,389.98,390.1639,Green
44700.54167,390,390.05,389.74,389.96,390.0984,White
44700.54306,389.96,390.24,389.9028,389.96,390.04,White
44700.54444,389.96,389.96,389.3,389.54,389.9579,Red
44700.54583,389.54,390.32,389.51,390.21,389.9367,Green
44700.54722,390.21,390.58,389.89,390.0763,389.9131,White
44700.54861,390.05,390.1,389.32,389.76,389.8732,Red
44700.55,389.78,389.91,388.65,389.1,389.7891,Red
44700.55139,389.1,389.2192,388.48,388.58,389.6716,Red
44700.55278,388.58,388.83,388.33,388.4602,389.5536,Red
44700.55417,388.48,388.76,388.37,388.76,389.4676,White
44700.55556,388.76,389.63,388.67,389.63,389.4565,Green
44700.55694,389.63,389.76,389.145,389.48,389.4401,White
44700.55833,389.48,390.24,389.26,390.03,389.472,Green
44700.55972,390.02,390.33,389.67,390.21,389.5212,White
44700.56111,390.21,390.26,389.7732,389.9939,389.555,White
44700.5625,389.9939,390.0375,389.37,389.6397,389.5628,Red
44700.56389,389.65,390.49,389.28,390.33,389.625,Green
44700.56528,390.32,390.57,390.18,390.39,389.6893,White
44700.56667,390.39,390.425,389.52,390.015,389.722,Red
44700.56806,390.015,390.34,389.71,389.7916,389.7346,White
44700.56944,389.7916,390.4,389.47,390.22,389.7783,White
44700.57083,390.22,390.29,389.77,389.795,389.7859,White
44700.57222,389.795,390.35,389.77,390.35,389.8351,Green
44700.57361,390.35,390.65,390.03,390.45,389.8891,Green
44700.575,390.45,390.48,389.3,389.34,389.8546,Red
44700.57639,389.34,389.39,388.48,388.66,389.7698,Red
44700.57778,388.645,389.63,388.54,389.4401,389.7489,Green
44700.57917,389.44,390.11,389.26,389.9,389.7651,Green
44700.58056,389.91,391.38,389.85,391.22,389.8817,Green
44700.58194,391.22,392.25,391.18,392.11,390.0636,Green
44700.58333,392.11,392.2,391.49,391.75,390.2116,White
44700.58472,391.75,391.8542,390.72,390.77,390.278,Red
44700.58611,390.78,391.36,390.75,390.845,390.3452,White
44700.5875,390.83,390.99,390.53,390.63,390.3888,Red
44700.58889,390.62,390.83,390,390.82,390.4403,White
44700.59028,390.82,390.89,390.452,390.7472,390.4799,White
44700.59167,390.7472,391.34,390.73,391.2,390.5509,Green
44700.59306,391.21,391.44,390.5,390.54,390.5658,Red
44700.59444,390.513,391.27,390.36,391.115,390.6234,White
44700.59583,391.115,391.44,390.57,390.895,390.6613,White
44700.59722,390.895,390.93,390.35,390.42,390.6599,Red
44700.59861,390.42,391.11,390.08,391.1,390.7083,Green
44700.6,391.1,391.3,390.62,390.85,390.7352,White
44700.60139,390.85,391.1,390.65,390.91,390.7653,White
44700.60278,390.88,390.9999,390.28,390.71,390.7773,White
44700.60417,390.71,391.13,390.63,390.8955,390.8006,White
44700.60556,390.8955,391.39,390.44,391.2729,390.851,Green
44700.60694,391.2729,391.4,390.6209,390.79,390.8596,White
44700.60833,390.79,391.07,390.47,390.99,390.8823,White
44700.60972,390.99,391.93,390.76,391.9227,390.975,Green
44700.61111,391.9227,392.24,391.56,391.63,391.0374,White
44700.6125,391.63,391.63,390.44,390.713,391.02,Red
44700.61389,390.713,391.12,390.46,391.03,391.0231,White
44700.61528,391.03,391.92,390.94,391.7081,391.0748,Green
44700.61667,391.71,392.2,391.52,391.9999,391.1476,Green
44700.61806,391.9999,392.57,391.97,392.52,391.2606,Green
44700.61944,392.52,393.02,392.2855,392.42,391.3636,White
44700.62083,392.42,392.95,392.13,392.85,391.4946,White
44700.62222,392.86,393.13,392.48,392.63,391.6025,White
44700.62361,392.63,392.83,391.88,391.9999,391.6558,Red
44700.625,391.9999,392.84,391.81,392.79,391.7662,White
44700.62639,392.79,393.2,392.47,392.805,391.8716,White
44700.62778,392.77,393.97,392.55,393.8599,392.053,Green
44700.62917,393.84,394.14,393.43,393.72,392.2136,White
44700.63056,393.72,393.84,393.28,393.58,392.3553,White
44700.63194,393.56,393.7,392.57,392.59,392.4127,Red
44700.63333,392.59,392.69,392.01,392.455,392.4529,Red
44700.63472,392.455,392.7,391.89,391.9042,392.4467,Red
44700.63611,391.9042,392.4,391.621,392.15,392.4561,White
44700.6375,392.15,392.22,391.83,391.93,392.4447,White
44700.63889,391.93,391.98,391.1,391.4,392.3889,Red
44700.64028,391.41,391.46,390.91,391.05,392.3045,Red
44700.64167,391.05,391.06,390.44,390.62,392.1878,Red
44700.64306,390.62,390.74,390.14,390.52,392.0639,White
44700.64444,390.525,390.81,390.06,390.12,391.9107,Red
44700.64583,390.13,390.29,389.78,389.83,391.7407,Red
44700.64722,389.83,390.43,389.61,390.19,391.6039,White
44700.64861,390.2,390.35,389.66,389.92,391.448,White
44700.65,389.95,389.98,389.41,389.46,391.2601,Red
44700.65139,389.46,389.85,389.2,389.82,391.1069,White
44700.65278,389.82,389.9,389.35,389.43,390.9303,White
44700.65417,389.44,389.79,389.34,389.4017,390.761,White
44700.65556,389.4017,390.59,389.05,390.415,390.679,Green
44700.65694,390.43,391.1,390.009,391,390.6495,Green
44700.65833,391.01,391.0853,389.53,389.63,390.5197,Red
44700.65972,389.6,390.42,389.481,390.16,390.4378,White
44700.66111,390.16,390.56,389.09,389.26,390.2949,Red
44700.6625,389.26,389.56,389.04,389.4301,390.1759,White
44700.66389,389.42,390.2,389.1,389.82,390.1006,Green
44700.66528,389.81,389.92,389.49,389.67,390.0257,White
44700.66667,389.67,389.95,389.32,389.45,389.9459,Red
44701.39722,393,397.03,392.59,392.98,390.1474,Green
44701.39861,392.99,393.6,392.855,393.14,390.3595,White
44701.4,393.13,393.15,392.19,392.28,390.5016,Red
44701.40139,392.28,392.64,391.66,392.19,390.6365,White
44701.40278,392.18,393.1668,392.18,392.91,390.8259,Green
44701.40417,392.91,393.28,392.49,392.78,391.0007,White
44701.40556,392.78,393.8266,392.75,393.4499,391.2217,Green
44701.40694,393.4499,393.825,392.92,393.15,391.4109,White
44701.40833,393.15,393.23,392.18,392.2,391.5189,Red
44701.40972,392.17,392.8,392.13,392.5024,391.6438,White
44701.41111,392.51,393,392.24,392.49,391.7596,White
44701.4125,392.49,392.9,392.27,392.6901,391.8836,White
44701.41389,392.73,393.18,392.62,392.76,392.0045,White
44701.41528,392.76,392.78,392.2,392.58,392.1014,Red
44701.41667,392.58,393.17,392.47,392.76,392.2036,White
44701.41806,392.75,393.28,392.21,392.235,392.2552,Red
44701.41944,392.24,392.64,392.02,392.29,392.3024,White
44701.42083,392.2804,392.52,391.96,392.0015,392.3215,Red
44701.42222,392,392.1,390.99,391.0555,392.2649,Red
44701.42361,391.05,391.14,390.39,390.63,392.1711,Red
44701.425,390.63,390.7492,390.38,390.57,392.0712,White
44701.42639,390.57,390.73,390.24,390.6901,391.9766,White
44701.42778,390.6901,391.01,390.28,391.01,391.9026,Green
44701.42917,391.01,391.2072,390.8226,390.9,391.8166,White
44701.43056,390.91,391.02,390.5,390.735,391.7141,Red
44701.43194,390.766,390.83,389.95,390,391.5511,Red
44701.43333,390,390.42,389.85,390.3201,391.4218,White
44701.43472,390.35,390.72,390.13,390.2354,391.2948,White
44701.43611,390.2354,390.67,390.18,390.64,391.2051,White
44701.4375,390.64,391.375,390.58,391.06,391.1526,Green
44701.43889,391.08,391.08,390.48,390.76,391.0826,White
44701.44028,390.76,391.16,390.57,390.92,391.0312,White
44701.44167,390.92,390.92,390.05,390.31,390.9406,Red
44701.44306,390.31,390.58,390.04,390.32,390.8596,White
44701.44444,390.32,390.4,389.92,390.18,390.7735,White
44701.44583,390.18,390.6599,390.0216,390.48,390.7177,Green
44701.44722,390.48,390.79,390.34,390.54,390.6726,White
44701.44861,390.54,390.85,390.3202,390.61,390.6396,White
44701.45,390.61,390.83,389.685,389.8,390.5509,Red
44701.45139,389.785,390.06,389.68,389.84,390.4738,White
44701.45278,389.84,390.0099,388.8,388.85,390.3296,Red
44701.45417,388.85,388.9,388.48,388.74,390.1873,Red
44701.45556,388.71,388.87,388.37,388.39,390.029,Red
44701.45694,388.39,388.44,387.97,388.07,389.8572,Red
44701.45833,388.07,388.165,387.47,387.561,389.6554,Red
44701.45972,387.56,387.96,387.44,387.6419,389.4693,White
44701.46111,387.645,387.77,387.4,387.67,389.2943,White
44701.4625,387.665,389.02,387.39,387.5,389.1156,White
44701.46389,387.5,387.5,386.78,386.79,388.8931,Red
44701.46528,386.79,387.2,386.67,386.8801,388.6901,White
44701.46667,386.89,387,386.17,386.235,388.4494,Red
44701.46806,386.235,386.47,385.88,386.18,388.2161,White
44701.46944,386.18,386.71,386.18,386.29,388.0039,White
44701.47083,386.29,386.3,386.01,386.1189,387.7907,Red
44701.47222,386.1189,386.12,385.66,385.8959,387.5743,Red
44701.47361,385.91,385.99,385.65,385.68,387.3571,White
44701.475,385.68,385.95,385.56,385.62,387.151,Red
44701.47639,385.62,386.25,385.48,386.21,387.0066,Green
44701.47778,386.2,386.88,385.94,386.78,386.9186,Green
44701.47917,386.75,386.81,386.41,386.57,386.8253,White
44701.48056,386.57,387.4499,386.42,387.2,386.7917,Green
44701.48194,387.19,387.23,386.72,386.9,386.745,White
44701.48333,386.88,387.17,386.71,387.1284,386.7271,White
44701.48472,387.12,387.12,386.475,386.69,386.6862,Red
44701.48611,386.6899,386.75,385.93,386.2,386.6172,Red
44701.4875,386.2,387.07,386.177,386.64,386.5932,White
44701.48889,386.64,386.84,386.28,386.45,386.5615,White
44701.49028,386.44,386.56,385.93,386.37,386.5305,White
44701.49167,386.37,386.81,386.29,386.8,386.539,Green
44701.49306,386.8,386.87,386.49,386.755,386.5478,White
44701.49444,386.755,387.03,386.46,386.96,386.5749,Green
44701.49583,386.96,387.26,386.4442,386.54,386.5718,White
44701.49722,386.54,386.61,386.2289,386.54,386.5721,White
44701.49861,386.57,386.96,386.29,386.34,386.5601,White
44701.5,386.34,386.55,386.12,386.2,386.5386,Red
44701.50139,386.2,386.3625,385.92,385.94,386.4992,Red
44701.50278,385.94,386.2099,385.63,385.97,386.4631,White
44701.50417,385.97,386.17,385.76,386.17,386.443,White
44701.50556,386.17,386.21,385.63,385.68,386.3855,Red
44701.50694,385.68,385.68,384.31,384.3243,386.2252,Red
44701.50833,384.3243,384.465,383.57,384.11,386.0531,Red
44701.50972,384.11,384.885,383.82,384.88,385.9452,Green
44701.51111,384.88,384.93,384.22,384.43,385.8049,White
44701.5125,384.4099,384.72,384.1965,384.1965,385.6521,Red
44701.51389,384.1965,384.42,384.06,384.1641,385.5048,Red
44701.51528,384.1641,384.5,384.05,384.28,385.3737,White
44701.51667,384.28,384.68,384.205,384.42,385.2625,White
44701.51806,384.43,384.94,384.37,384.3822,385.156,White
44701.51944,384.38,384.44,384.07,384.14,385.0392,Red
44701.52083,384.14,384.53,384.12,384.44,384.9535,White
44701.52222,384.445,384.87,384.15,384.5199,384.8792,White
44701.52361,384.5199,384.78,384.23,384.25,384.7908,White
44701.525,384.24,384.38,383.52,383.73,384.6691,Red
44701.52639,383.73,384.01,383.43,383.47,384.5355,Red
44701.52778,383.47,383.47,383.08,383.33,384.4014,Red
44701.52917,383.335,383.34,382.95,383.0215,384.2541,Red
44701.53056,383.0215,383.0215,382.56,382.81,384.1027,Red
44701.53194,382.79,382.8,382.23,382.2435,383.9191,Red
44701.53333,382.2435,382.65,381.87,382.64,383.7793,White
44701.53472,382.64,383.45,382.53,383.36,383.7062,Green
44701.53611,383.36,383.415,382.85,382.92,383.6081,White
44701.5375,382.92,383.35,382.41,382.515,383.4881,Red
44701.53889,382.52,383.38,382.37,383.1,383.4237,White
44701.54028,383.09,383.56,382.83,382.97,383.3587,White
44701.54167,382.97,383.06,382.62,382.97,383.3021,White
44701.54306,382.94,383.01,382.17,382.19,383.1897,Red
44701.54444,382.2,383.03,381.94,382.72,383.1239,White
44701.54583,382.7,382.74,382.315,382.64,383.0586,White
44701.54722,382.62,382.9301,382.07,382.0917,382.9567,Red
44701.54861,382.0917,382.27,381.53,381.71,382.8319,Red
44701.55,381.71,381.99,381.4,381.45,382.6946,Red
44701.55139,381.45,381.94,381.29,381.7154,382.5865,White
44701.55278,381.6779,381.88,381.47,381.5,382.4701,White
44701.55417,381.49,381.87,381.41,381.44,382.3579,Red
44701.55556,381.44,381.59,381.18,381.21,382.2364,Red
44701.55694,381.22,381.59,380.93,381.4503,382.1433,White
44701.55833,381.4503,381.66,380.95,381.01,382.0258,White
44701.55972,381.02,381.32,380.95,381.11,381.9259,White
44701.56111,381.11,381.17,380.62,380.8,381.8102,Red
44701.5625,380.81,380.96,380.6,380.66,381.692,White
44701.56389,380.66,381.83,380.54,381.6533,381.6584,Green
44701.56528,381.67,382.385,381.33,382.2205,381.6727,Green
44701.56667,382.25,382.9,382.16,382.3205,381.6964,White
44701.56806,382.3347,383.08,382.13,382.81,381.7576,White
44701.56944,382.81,383.295,382.55,382.61,381.8029,White
44701.57083,382.6101,382.6601,382.0901,382.3901,381.8336,Red
44701.57222,382.3901,383.1901,382.3101,383.0201,381.9143,Green
44701.57361,383.0201,383.26,382.57,383.2501,382.0112,Green
44701.575,383.25,383.82,383.21,383.64,382.1376,Green
44701.57639,383.64,383.72,382.95,383.11,382.2212,Red
44701.57778,383.11,383.3738,382.56,382.85,382.2844,Red
44701.57917,382.85,383.66,382.63,383.63,382.4055,Green
44701.58056,383.63,384.07,383.5,383.7796,382.5354,Green
44701.58194,383.79,383.95,383.325,383.67,382.6533,White
44701.58333,383.64,383.69,383.17,383.46,382.7502,White
44701.58472,383.48,383.6899,383.11,383.15,382.8178,Red
44701.58611,383.15,383.8,382.93,383.34,382.8949,White
44701.5875,383.34,383.49,382.72,382.81,382.9261,Red
44701.58889,382.81,382.91,382.08,382.095,382.8984,Red
44701.59028,382.095,382.7799,382.07,382.77,382.9206,White
44701.59167,382.77,383.22,382.43,382.62,382.9264,White
44701.59306,382.62,383.2299,382.58,382.7299,382.937,White
44701.59444,382.73,382.97,382.5,382.51,382.9255,Red
44701.59583,382.51,382.54,381.75,381.85,382.8589,Red
44701.59722,381.85,382.36,381.67,382.08,382.8067,White
44701.59861,382.1,382.24,381.62,381.6799,382.7195,White
44701.6,381.665,382.22,381.65,382.0101,382.6575,White
44701.60139,382.02,382.63,381.87,381.9203,382.5892,White
44701.60278,381.9203,382.39,381.88,382.1899,382.5429,White
44701.60417,382.205,382.6,382.02,382.39,382.514,White
44701.60556,382.39,382.79,381.77,381.77,382.438,Red
44701.60694,381.76,381.99,381.38,381.68,382.357,Red
44701.60833,381.68,382.29,381.52,382.0899,382.3116,Green
44701.60972,382.09,382.35,381.93,381.97,382.2607,White
44701.61111,381.97,382.4,381.94,381.95,382.2133,White
44701.6125,381.97,382.54,381.83,382.36,382.201,White
44701.61389,382.36,382.87,382.31,382.76,382.2209,Green
44701.61528,382.76,383.25,382.57,382.72,382.2405,White
44701.61667,382.72,383.0883,382.41,382.93,382.2795,White
44701.61806,382.93,383.46,382.87,383.3001,382.3493,Green
44701.61944,383.3001,383.75,382.95,383.57,382.4403,Green
44701.62083,383.57,384.43,383.57,384.38,382.5923,Green
44701.62222,384.38,384.82,383.85,383.93,382.7065,White
44701.62361,383.93,384.01,383.52,383.915,382.8161,White
44701.625,383.915,383.98,383.47,383.51,382.8889,Red
44701.62639,383.51,384.15,383.4,383.8674,382.987,White
44701.62778,383.8674,383.96,382.9101,383.0938,383.0217,Red
44701.62917,383.0938,383.0938,382.71,382.76,383.0296,Red
44701.63056,382.76,383.22,382.54,382.63,383.0268,Red
44701.63194,382.63,382.72,382.37,382.68,383.0254,White
44701.63333,382.68,382.89,382.36,382.46,383.0052,White
44701.63472,382.46,382.8,382.36,382.8,383.0088,White
44701.63611,382.79,383.37,382.505,382.9,383.0176,Green
44701.6375,382.9,383.2599,382.78,383.1,383.0388,White
44701.63889,383.07,383.78,382.94,383.47,383.0857,Green
44701.64028,383.49,383.95,383.37,383.95,383.1662,Green
44701.64167,383.95,384.276,383.36,383.42,383.1992,White
44701.64306,383.43,383.835,383.13,383.79,383.2553,White
44701.64444,383.8,384.71,383.74,384.71,383.3769,Green
44701.64583,384.71,385.28,384.45,385.27,383.5332,Green
44701.64722,385.25,385.42,384.47,384.57,383.6255,White
44701.64861,384.57,385.93,384.5401,385.93,383.8155,Green
44701.65,385.935,386.68,385.76,386.51,384.0404,Green
44701.65139,386.5,387.85,386.5,387.36,384.319,Green
44701.65278,387.3743,387.46,386.26,387.07,384.5617,White
44701.65417,387.07,388.3,386.96,388.245,384.8832,Green
44701.65556,388.25,389.11,388.18,388.49,385.2091,Green
44701.65694,388.49,388.59,387.5,387.72,385.4632,Red
44701.65833,387.72,388.04,387.06,387.83,385.7141,White
44701.65972,387.85,388.63,387.83,388.36,385.9936,Green
44701.66111,388.37,389.64,388.37,389.05,386.3113,Green
44701.6625,389.06,389.15,388.13,388.86,386.5985,White
44701.66389,388.86,389.33,388.3,389.3,386.9018,Green
44701.66528,389.3,389.5799,388.85,389.53,387.2026,Green
44701.66667,389.5316,389.9303,389.27,389.59,387.4869,Green
44704.39722,392.83,393.18,392.28,392.35,387.9622,Green
44704.39861,392.35,393,392.28,392.44,388.4139,White
44704.4,392.43,393.11,392.06,392.54,388.8437,White
44704.40139,392.55,392.7199,391.47,391.91,389.1954,Red
44704.40278,391.9,392.3,391.17,391.6001,389.4961,White
44704.40417,391.61,393.03,391.1,392.87,389.8695,Green
44704.40556,392.86,393.24,392.43,393.1,390.2332,Green
44704.40694,393.07,393.37,392.7,393.343,390.5857,Green
44704.40833,393.343,394.08,392.9,393.9636,390.9566,Green
44704.40972,393.9636,394.43,393.65,393.96,391.2988,White
44704.41111,393.96,394.2797,393.8,394.04,391.6203,White
44704.4125,394.04,394.44,393.52,393.8,391.8943,White
44704.41389,393.8,393.86,392.935,393.13,392.0925,Red
44704.41528,393.13,393.21,392.421,392.63,392.2319,Red
44704.41667,392.63,392.74,392.04,392.1863,392.3209,Red
44704.41806,392.1863,392.29,390.89,390.96,392.2999,Red
44704.41944,390.96,391.1,390.38,391.07,392.279,White
44704.42083,391.1,391.6159,390.81,391.52,392.2847,Green
44704.42222,391.49,391.7,391.11,391.13,392.2487,White
44704.42361,391.1,391.41,390.6361,391.2055,392.2084,White
44704.425,391.2055,392.01,391.08,392.01,392.2213,Green
44704.42639,392.01,392.55,391.7,392.24,392.2427,Green
44704.42778,392.24,392.81,392,392.76,392.2937,Green
44704.42917,392.76,393.44,391.9,393.23,392.3702,Green
44704.43056,393.32,393.325,392.745,392.995,392.4173,White
44704.43194,392.995,392.995,392.21,392.58,392.422,Red
44704.43333,392.58,393.44,392.44,393,392.4583,Green
44704.43472,393,393.145,392.36,392.51,392.4551,White
44704.43611,392.53,393.31,391.86,392.057,392.4172,Red
44704.4375,392.07,394.04,391.99,394,392.5283,Green
44704.43889,394,394.32,393.54,394.1,392.6397,Green
44704.44028,394.1,394.5,394.06,394.229,392.7573,White
44704.44167,394.23,394.48,393.81,394.46,392.8891,White
44704.44306,394.46,394.6,393.72,393.8,392.9668,Red
44704.44444,393.83,394.6,393.73,394.3069,393.0839,White
44704.44583,394.3069,394.76,393.82,394.02,393.1779,White
44704.44722,394.02,394.21,393.75,394.1,393.2781,White
44704.44861,394.1,394.33,393.82,394.25,393.3889,Green
44704.45,394.25,394.55,393.3736,394.455,393.5121,Green
44704.45139,394.455,395.01,394.05,394.13,393.6046,White
44704.45278,394.08,394.26,393.31,393.4,393.635,Red
44704.45417,393.45,393.63,392.72,393.6,393.6733,White
44704.45556,393.61,393.84,393.41,393.6,393.7038,White
44704.45694,393.6,393.9,393.32,393.56,393.7248,White
44704.45833,393.58,394.06,393.3916,393.88,393.763,White
44704.45972,393.9,394.7638,393.5,394.43,393.8352,Green
44704.46111,394.45,395.16,394.19,395.11,393.9523,Green
44704.4625,395.12,395.47,394.87,395.34,394.0783,Green
44704.46389,395.34,395.54,395.08,395.17,394.1832,White
44704.46528,395.17,395.4,395.1,395.25,394.2884,White
44704.46667,395.245,395.28,394.8,395.06,394.3719,Red
44704.46806,395.0599,395.49,394.91,395.46,394.4787,Green
44704.46944,395.46,395.96,395.35,395.71,394.597,Green
44704.47083,395.71,396.13,395.5399,395.78,394.7109,White
44704.47222,395.78,396.03,395.34,395.47,394.7896,Red
44704.47361,395.48,395.68,395.253,395.45,394.8621,White
44704.475,395.45,395.83,395.14,395.4,394.9267,White
44704.47639,395.4,395.95,395.4,395.79,395.0176,White
44704.47778,395.81,395.96,395.31,395.3833,395.0732,Red
44704.47917,395.38,395.99,395.38,395.91,395.1644,White
44704.48056,395.91,396.42,395.78,396.19,395.2722,Green
44704.48194,396.19,396.6,396.08,396.56,395.4018,Green
44704.48333,396.56,396.93,396.56,396.66,395.5316,Green
44704.48472,396.675,396.91,396.4501,396.575,395.6473,White
44704.48611,396.575,397.02,396.575,397,395.7893,Green
44704.4875,397.02,397.02,396.57,396.8516,395.911,White
44704.48889,396.8516,396.93,396.68,396.71,396.0112,White
44704.49028,396.71,396.84,396.52,396.65,396.0972,Red
44704.49167,396.65,396.74,396.37,396.43,396.1569,Red
44704.49306,396.43,396.49,395.745,396.18,396.1885,Red
44704.49444,396.19,396.4205,396.02,396.23,396.2169,White
44704.49583,396.23,396.51,396.07,396.38,396.2513,White
44704.49722,396.38,396.53,396.28,396.48,396.2895,White
44704.49861,396.48,396.67,396.32,396.56,396.3303,Green
44704.5,396.58,396.86,396.36,396.44,396.3576,White
44704.50139,396.44,396.68,396.18,396.6361,396.3964,White
44704.50278,396.6361,397.2,396.63,397.1799,396.4721,Green
44704.50417,397.1799,397.18,396.9097,397.0614,396.5334,White
44704.50556,397.0614,397.48,396.86,397.47,396.622,Green
44704.50694,397.48,397.61,397.24,397.435,396.7027,White
44704.50833,397.435,397.435,397.01,397.085,396.7505,Red
44704.50972,397.085,397.18,396.92,397.03,396.7889,White
44704.51111,397.04,397.3,396.89,397.165,396.8328,White
44704.5125,397.165,397.18,396.49,396.7275,396.8387,Red
44704.51389,396.7275,396.85,396.55,396.8199,396.8476,White
44704.51528,396.8199,397.28,396.785,397.24,396.8861,Green
44704.51667,397.24,397.33,396.945,397.14,396.9136,White
44704.51806,397.14,397.35,396.79,396.955,396.9251,White
44704.51944,396.96,397.03,396.67,396.7,396.9161,Red
44704.52083,396.71,396.7601,396.381,396.53,396.8936,Red
44704.52222,396.52,396.61,395.94,396.02,396.8333,Red
44704.52361,396.02,396.52,395.88,396.27,396.7949,White
44704.525,396.29,396.42,396.08,396.3648,396.765,White
44704.52639,396.37,396.61,396.34,396.59,396.7534,Green
44704.52778,396.59,396.9,396.52,396.88,396.7636,Green
44704.52917,396.88,396.94,396.37,396.49,396.7416,Red
44704.53056,396.5,396.655,396.32,396.59,396.7265,White
44704.53194,396.59,396.8,396.45,396.48,396.7024,White
44704.53333,396.4843,396.6,396.055,396.0689,396.6465,Red
44704.53472,396.055,396.1599,395.71,395.84,396.5746,Red
44704.53611,395.84,396.02,395.46,395.58,396.4846,Red
44704.5375,395.565,395.64,395.37,395.55,396.3955,White
44704.53889,395.58,395.64,395.35,395.52,396.3091,White
44704.54028,395.52,395.66,395.26,395.435,396.2209,White
44704.54167,395.435,395.995,395.41,395.9474,396.1783,Green
44704.54306,395.97,395.99,395.65,395.73,396.1237,White
44704.54444,395.74,396.03,395.68,395.77,396.0762,White
44704.54583,395.77,395.77,395.3,395.41,396.005,Red
44704.54722,395.41,395.6489,395.34,395.35,395.9345,White
44704.54861,395.35,395.63,395.13,395.56,395.8845,White
44704.55,395.56,395.6293,395.26,395.3,395.8183,White
44704.55139,395.3,395.81,395.3,395.7701,395.7942,Green
44704.55278,395.7701,395.7701,395.14,395.15,395.7267,Red
44704.55417,395.15,395.22,394.7,394.71,395.6309,Red
44704.55556,394.71,394.76,394.48,394.72,395.5419,White
44704.55694,394.71,394.73,394.02,394.254,395.4227,Red
44704.55833,394.24,394.79,394.13,394.7008,395.3433,White
44704.55972,394.7008,395.04,394.63,394.97,395.2894,Green
44704.56111,394.97,395.195,394.79,395.1,395.2498,Green
44704.5625,395.1001,395.2401,395.0301,395.1201,395.2163,White
44704.56389,395.1201,395.1801,394.73,395.0401,395.1822,White
44704.56528,395.04,395.9301,395.01,395.7701,395.2086,Green
44704.56667,395.79,395.85,395.41,395.72,395.2336,White
44704.56806,395.7,395.9301,395.63,395.79,395.2665,White
44704.56944,395.79,395.9901,395.64,395.72,395.2948,White
44704.57083,395.72,395.88,395.61,395.87,395.335,White
44704.57222,395.8701,396.08,395.6201,395.89,395.3758,Green
44704.57361,395.88,396.14,395.84,396.05,395.4279,White
44704.575,396.04,396.55,395.9201,396.53,395.5153,Green
44704.57639,396.52,396.83,396.38,396.51,395.5978,White
44704.57778,396.52,396.61,396.3102,396.42,395.6716,White
44704.57917,396.43,396.57,396.22,396.275,395.7321,Red
44704.58056,396.27,396.38,396.085,396.26,395.79,White
44704.58194,396.265,396.5,396.2,396.49,395.8629,Green
44704.58333,396.492,396.74,396.4,396.72,395.95,Green
44704.58472,396.72,397.07,396.32,396.38,396.0074,Red
44704.58611,396.39,396.58,396.17,396.31,396.0561,Red
44704.5875,396.31,396.55,396.22,396.25,396.0985,White
44704.58889,396.26,396.71,396.23,396.5985,396.1643,Green
44704.59028,396.5985,396.83,396.5601,396.731,396.2345,Green
44704.59167,396.74,397.18,396.71,396.97,396.3169,Green
44704.59306,396.99,397.12,396.69,397,396.3933,White
44704.59444,396.99,397.22,396.84,396.95,396.4587,White
44704.59583,396.94,397.16,396.8,397.03,396.5242,White
44704.59722,397.03,397.2,397.01,397.16,396.5938,White
44704.59861,397.16,397.29,397.05,397.2,396.6601,White
44704.6,397.2,397.33,396.875,396.985,396.7033,Red
44704.60139,396.985,397.185,396.91,397.18,396.7577,White
44704.60278,397.18,397.21,396.81,396.8355,396.7812,Red
44704.60417,396.835,397.07,396.59,396.84,396.8017,White
44704.60556,396.84,396.99,396.55,396.9,396.8235,White
44704.60694,396.89,397.11,396.89,397.04,396.8528,Green
44704.60833,397.03,397.03,396.73,396.76,396.8571,Red
44704.60972,396.75,397.07,396.72,397,396.8776,White
44704.61111,397,397.13,396.88,396.91,396.8898,White
44704.6125,396.91,397.1765,396.68,396.69,396.8838,Red
44704.61389,396.68,397.36,396.66,397.31,396.9247,Green
44704.61528,397.31,397.7,397.22,397.58,396.9831,Green
44704.61667,397.58,397.73,397.3158,397.49,397.0306,White
44704.61806,397.49,397.55,396.41,396.6299,397.0088,Red
44704.61944,396.6299,396.98,396.5,396.51,396.9781,White
44704.62083,396.51,396.58,396.16,396.5532,396.9503,White
44704.62222,396.5532,396.7,396.47,396.6,396.9254,Green
44704.62361,396.6,396.69,396.27,396.33,396.8786,Red
44704.625,396.33,396.4,396.09,396.23,396.825,Red
44704.62639,396.23,396.86,396.18,396.86,396.8213,Green
44704.62778,396.87,396.87,396.395,396.47,396.788,White
44704.62917,396.4676,396.89,396.43,396.68,396.7725,White
44704.63056,396.68,396.8399,396.58,396.79,396.7663,White
44704.63194,396.79,397.24,396.73,397.2211,396.7939,Green
44704.63333,397.22,397.25,396.465,396.51,396.7667,Red
44704.63472,396.51,396.65,395.91,396.01,396.7032,Red
44704.63611,395.99,396.35,395.91,396.2888,396.6641,White
44704.6375,396.2888,396.52,396.16,396.16,396.6178,White
44704.63889,396.18,396.5672,396.09,396.56,396.6044,Green
44704.64028,396.5677,396.75,396.01,396.1399,396.5595,White
44704.64167,396.1399,396.26,395.66,395.73,396.4854,Red
44704.64306,395.73,396.03,395.59,395.87,396.4261,White
44704.64444,395.87,396.1,395.74,396.0001,396.3796,White
44704.64583,396.01,396.35,395.92,396.1139,396.3449,Green
44704.64722,396.1139,396.51,395.945,396.49,396.3416,Green
44704.64861,396.49,396.71,396.19,396.6938,396.3546,Green
44704.65,396.71,397.06,396.47,396.89,396.3846,Green
44704.65139,396.89,396.95,396.08,396.4,396.379,Red
44704.65278,396.4,396.48,395.75,395.81,396.3313,Red
44704.65417,395.81,396.16,395.59,396.03,396.3032,White
44704.65556,396.02,396.07,395.59,395.61,396.2441,White
44704.65694,395.61,395.77,395.34,395.4419,396.1751,Red
44704.65833,395.4419,395.45,394.93,395.13,396.0856,Red
44704.65972,395.13,395.5752,395.09,395.26,396.0098,White
44704.66111,395.28,396.33,395.25,395.95,395.9901,Green
44704.6625,395.95,396.55,395.9,396.275,395.9982,White
44704.66389,396.27,396.29,395.62,396.2372,396.004,White
44704.66528,396.23,396.75,396.18,396.6801,396.0452,Green
44704.66667,396.68,397.04,396.48,396.93,396.1059,Green
44705.39722,392.52,393.11,392.45,392.9,395.8576,Red
44705.39861,392.9,393.6,392.36,392.42,395.5834,Red
44705.4,392.4,392.7384,391.82,392.04,395.2911,Red
44705.40139,392.04,392.18,391.63,391.71,394.9865,Red
44705.40278,391.7,391.78,391.41,391.48,394.6778,Red
44705.40417,391.49,392.0891,391.37,391.97,394.4225,Green
44705.40556,391.97,392.1,391.48,391.69,394.1584,White
44705.40694,391.69,392.43,391.5708,391.8916,393.9223,White
44705.40833,391.8916,392.33,391.25,391.45,393.6645,Red
44705.40972,391.45,391.8095,391.28,391.43,393.4191,White
44705.41111,391.43,391.92,391.2,391.81,393.2174,Green
44705.4125,391.79,392.26,391.72,391.82,393.0309,White
44705.41389,391.82,391.9199,391.22,391.26,392.8162,Red
44705.41528,391.26,391.48,390.9501,391.3699,392.6274,White
44705.41667,391.36,391.4618,390.66,390.77,392.4078,Red
44705.41806,390.8,390.92,390.15,390.18,392.1584,Red
44705.41944,390.18,390.5292,390.03,390.21,391.9294,White
44705.42083,390.19,390.35,389.86,390.01,391.7015,Red
44705.42222,390.01,390.4099,389.86,389.9,391.4819,White
44705.42361,389.9,389.9,389.12,389.24,391.2276,Red
44705.425,389.225,389.48,388.97,389.14,390.9841,White
44705.42639,389.14,389.42,389.02,389.24,390.7693,White
44705.42778,389.24,389.24,387.951,388.02,390.4823,Red
44705.42917,388.01,388.26,387.49,387.67,390.1937,Red
44705.43056,387.69,387.81,387.43,387.6,389.9273,White
44705.43194,387.57,388.2,387.516,388,389.7205,Green
44705.43333,388,388.85,387.92,388.52,389.5688,Green
44705.43472,388.52,388.6,387.76,387.82,389.3751,Red
44705.43611,387.82,388.6441,387.74,388.59,389.2538,White
44705.4375,388.59,389.095,388.1,388.9901,389.1727,Green
44705.43889,388.9901,389.02,388.24,388.695,389.0767,White
44705.44028,388.695,388.72,388.16,388.3407,388.9635,White
44705.44167,388.3407,388.69,388.06,388.44,388.8682,White
44705.44306,388.43,388.93,388.01,388.11,388.7581,White
44705.44444,388.11,388.66,388.01,388.53,388.6907,White
44705.44583,388.53,388.53,387.835,388.1601,388.6037,White
44705.44722,388.1601,388.93,387.94,388.78,388.5756,Green
44705.44861,388.78,388.81,388.15,388.34,388.523,White
44705.45,388.34,388.82,387.97,388.18,388.4671,White
44705.45139,388.18,388.18,387.17,387.23,388.348,Red
44705.45278,387.23,387.44,386.96,387.34,388.2482,White
44705.45417,387.35,387.77,387.03,387.44,388.1648,White
44705.45556,387.44,387.58,387.14,387.25,388.0753,White
44705.45694,387.25,387.68,387.17,387.6702,388.0267,Green
44705.45833,387.7,388.11,387.6599,388.1,388.0179,Green
44705.45972,388.11,388.56,387.85,388.5301,388.0458,Green
44705.46111,388.5301,388.7,388.2153,388.53,388.0756,White
44705.4625,388.51,388.63,388.0999,388.38,388.0959,White
44705.46389,388.38,388.69,387.891,388.26,388.106,White
44705.46528,388.26,388.5,388.04,388.3393,388.1203,White
44705.46667,388.3393,388.5,387.9732,388.32,388.1309,White
44705.46806,388.32,388.53,387.76,388.0718,388.1214,White
44705.46944,388.0718,388.11,387.73,388.0528,388.1118,White
44705.47083,388.0528,388.98,387.9531,387.97,388.0951,White
44705.47222,387.97,388.06,387.6,387.77,388.0649,Red
44705.47361,387.74,387.795,387.34,387.55,388.0216,Red
44705.475,387.55,387.98,387.425,387.84,388.0041,Green
44705.47639,387.8342,388.46,387.83,388.05,388.0043,Green
44705.47778,388.06,388.37,388.015,388.27,388.0226,White
44705.47917,388.29,388.6457,388.01,388.605,388.0663,Green
44705.48056,388.605,388.88,388.21,388.2687,388.0838,White
44705.48194,388.2687,388.45,387.97,388.26,388.1003,White
44705.48333,388.26,388.64,388.1,388.13,388.1084,White
44705.48472,388.1,388.75,388.1,388.3199,388.1317,White
44705.48611,388.3199,388.45,388.02,388.42,388.1623,White
44705.4875,388.4,388.8,388.29,388.54,388.1985,Green
44705.48889,388.54,389.32,388.45,389.08,388.2726,Green
44705.49028,389.04,389.89,388.8,389.87,388.4023,Green
44705.49167,389.87,390.22,389.64,390.11,388.5425,Green
44705.49306,390.13,390.805,390.1228,390.64,388.7159,Green
44705.49444,390.64,390.72,390.18,390.3227,388.8571,White
44705.49583,390.3227,390.49,390.09,390.27,388.9887,White
44705.49722,390.31,390.43,390.01,390.18,389.1081,White
44705.49861,390.18,390.6018,389.98,390.46,389.2434,Green
44705.5,390.46,391.08,390.26,390.265,389.357,White
44705.50139,390.25,390.53,389.76,390.09,389.4512,Red
44705.50278,390.09,390.46,390.01,390.165,389.5457,White
44705.50417,390.165,390.44,390.0371,390.3,389.6442,White
44705.50556,390.3,390.57,390.02,390.42,389.745,White
44705.50694,390.42,391.06,390.42,391.02,389.8844,Green
44705.50833,391.02,391.35,390.78,391.1813,390.0262,Green
44705.50972,391.1813,391.25,391,391.22,390.1598,White
44705.51111,391.22,392.57,391.18,392.54,390.3846,Green
44705.5125,392.54,392.63,391.59,391.59,390.5224,White
44705.51389,391.59,391.81,391.4,391.61,390.6516,White
44705.51528,391.61,391.63,391,391.07,390.7299,Red
44705.51667,391.07,391.26,390.99,391.0609,390.799,White
44705.51806,391.07,391.38,391.01,391.3597,390.8825,Green
44705.51944,391.3597,391.41,390.86,391.26,390.9483,White
44705.52083,391.26,391.2772,390.68,390.78,390.9682,Red
44705.52222,390.78,391.07,390.37,390.43,390.9538,Red
44705.52361,390.43,390.5205,390,390.0585,390.9051,Red
44705.525,390.04,390.29,389.87,389.88,390.8397,Red
44705.52639,389.88,389.95,389.39,389.445,390.7407,Red
44705.52778,389.44,389.62,389.24,389.43,390.6427,White
44705.52917,389.43,389.54,389.3,389.49,390.5529,White
44705.53056,389.49,389.66,389.3,389.52,390.4681,White
44705.53194,389.52,389.52,389.18,389.32,390.3702,White
44705.53333,389.32,389.47,389.17,389.47,390.2864,White
44705.53472,389.47,389.92,389.3638,389.77,390.2288,Green
44705.53611,389.79,389.94,389.58,389.6899,390.1666,White
44705.5375,389.6899,389.84,389.5001,389.6869,390.1053,White
44705.53889,389.6869,390.285,389.57,390.13,390.0796,Green
44705.54028,390.15,390.8,390,390.79,390.1052,Green
44705.54167,390.79,390.86,390.12,390.2299,390.0866,White
44705.54306,390.2299,390.2464,389.4,389.525,390.0161,Red
44705.54444,389.525,389.65,389,389.04,389.9135,Red
44705.54583,389.01,389.24,388.76,389.08,389.8207,White
44705.54722,389.0899,389.39,388.93,389.3001,389.7554,Green
44705.54861,389.3001,389.35,388.99,389.13,389.6841,White
44705.55,389.11,389.27,388.94,389.21,389.6266,White
44705.55139,389.21,389.5299,389.16,389.459,389.5939,Green
44705.55278,389.459,389.46,389.12,389.18,389.5447,White
44705.55417,389.2,389.66,389.01,389.51,389.5276,Green
44705.55556,389.51,389.925,389.48,389.54,389.5182,White
44705.55694,389.5399,389.64,389.16,389.24,389.4896,Red
44705.55833,389.24,389.47,388.9799,389.44,389.4799,White
44705.55972,389.44,389.6,389.08,389.11,389.4469,White
44705.56111,389.11,389.7141,389.08,389.53,389.4485,White
44705.5625,389.5,390.16,389.42,389.99,389.4852,Green
44705.56389,390,390,389.4,389.43,389.4771,White
44705.56528,389.41,389.5809,389.17,389.52,389.4761,White
44705.56667,389.52,389.78,389.47,389.6,389.4812,Green
44705.56806,389.6,390.3,389.56,390.26,389.5363,Green
44705.56944,390.26,390.67,390.17,390.58,389.6136,Green
44705.57083,390.59,391.74,390.55,391.32,389.7453,Green
44705.57222,391.32,391.44,390.94,391.015,389.8485,White
44705.57361,391.02,391.44,390.9105,391.44,389.9803,White
44705.575,391.44,391.89,390.82,390.82,390.0604,Red
44705.57639,390.82,391.36,390.82,391.34,390.1804,White
44705.57778,391.33,391.5399,391.095,391.49,390.3085,Green
44705.57917,391.49,391.68,391.3,391.55,390.4352,Green
44705.58056,391.56,391.9,391.45,391.86,390.578,Green
44705.58194,391.86,392.01,391.3,391.3,390.6692,Red
44705.58333,391.3,391.68,391.26,391.47,390.7673,White
44705.58472,391.47,391.65,390.85,390.92,390.8159,Red
44705.58611,390.92,391.22,390.84,391.1,390.8731,White
44705.5875,391.1,391.19,390.67,390.96,390.9145,White
44705.58873,390.96,391.4,390.95,391.31,390.9773,Green